-- MySQL dump 10.13  Distrib 8.0.42, for Linux (x86_64)
--
-- Host: localhost    Database: unhabitat
-- ------------------------------------------------------
-- Server version	8.0.42

/*!40101 SET @OLD_CHARACTER_SET_CLIENT=@@CHARACTER_SET_CLIENT */;
/*!40101 SET @OLD_CHARACTER_SET_RESULTS=@@CHARACTER_SET_RESULTS */;
/*!40101 SET @OLD_COLLATION_CONNECTION=@@COLLATION_CONNECTION */;
/*!50503 SET NAMES utf8mb4 */;
/*!40103 SET @OLD_TIME_ZONE=@@TIME_ZONE */;
/*!40103 SET TIME_ZONE='+00:00' */;
/*!40014 SET @OLD_UNIQUE_CHECKS=@@UNIQUE_CHECKS, UNIQUE_CHECKS=0 */;
/*!40014 SET @OLD_FOREIGN_KEY_CHECKS=@@FOREIGN_KEY_CHECKS, FOREIGN_KEY_CHECKS=0 */;
/*!40101 SET @OLD_SQL_MODE=@@SQL_MODE, SQL_MODE='NO_AUTO_VALUE_ON_ZERO' */;
/*!40111 SET @OLD_SQL_NOTES=@@SQL_NOTES, SQL_NOTES=0 */;

--
-- Table structure for table `countries`
--

DROP TABLE IF EXISTS `countries`;
/*!40101 SET @saved_cs_client     = @@character_set_client */;
/*!50503 SET character_set_client = utf8mb4 */;
CREATE TABLE `countries` (
  `CountryName` varchar(100) NOT NULL,
  PRIMARY KEY (`CountryName`)
) ENGINE=InnoDB DEFAULT CHARSET=utf8mb4 COLLATE=utf8mb4_0900_ai_ci;
/*!40101 SET character_set_client = @saved_cs_client */;

--
-- Dumping data for table `countries`
--

LOCK TABLES `countries` WRITE;
/*!40000 ALTER TABLE `countries` DISABLE KEYS */;
INSERT INTO `countries` VALUES ('Afghanistan'),('Afghanistan, Bangladesh, Bhutan, India, Sri Lanka, Maldives, Nepal, Pakistan'),('Anguilla, Antigua and Barbuda, Dominica, Grenada, St Kitts and Nevis, St Lucia, St Vincent and the G'),('Bangladesh'),('Bangladesh, Bhutan, India, Sri Lanka, Nepal'),('Bangladesh, Cambodia, Laos, Sri Lanka, Myanmar, Nepal, Pakistan, Philippines, Papua New Guinea, Thai'),('Belgium'),('Bolivia, Colombia, Ecuador, Spain, Mozambique, El Salvador, GLOBAL, Regional - Latin America and Car'),('Bosnia and Herzegowina'),('Brazil'),('Burkina Faso'),('Burundi'),('Burundi, Kenya, Rwanda, Tanzania, Uganda'),('Cambodia'),('Cameroon, Nigeria, Senegal'),('Cape Verde'),('Chad'),('China'),('China, Cambodia, Nigeria, Thailand, Tanzania'),('China, Indonesia, Sri Lanka, Philippines'),('Colombia'),('Colombia, Cuba'),('Colombia, Egypt, Mozambique, Philippines, Rwanda'),('Comoros, Madagascar, Mozambique, Malawi'),('Cote d\'Ivoire, Nigeria'),('Cuba'),('Democratic Republic of Congo'),('Egypt'),('El Salvador'),('Ethiopia'),('Ethiopia, Ghana, Guinea, Kenya, Malawi, Namibia, Togo, Tanzania, Zambia'),('Ethiopia, Kenya, Uganda'),('Gabon'),('Germany, Egypt, Rwanda, Vietnam'),('Ghana'),('GLOBAL'),('GLOBAL, Regional - Africa, Regional - Latin America and Caribbean, Regional Office - Arab States'),('Haiti'),('India'),('Indonesia'),('Iraq'),('Japan'),('Jordan'),('Kenya'),('Kenya, Tanzania, Uganda'),('Kenya, Uganda'),('Korea, Republic of'),('Kosovo'),('Laos'),('Laos, Nepal'),('Lebanon'),('Liberia'),('Libyan Arab Jamahiriya'),('Madagascar'),('Madagascar, Mozambique, Malawi'),('Malawi'),('Mali'),('Mexico'),('Mongolia'),('Mozambique'),('Myanmar'),('Nepal'),('Nigeria'),('Pakistan'),('Palestine'),('Papua New Guinea'),('Philippines'),('Regional - Africa'),('Regional - Africa, Regional - Asia, Regional - Latin America and Caribbean'),('Regional - Asia'),('Regional - Latin America and Caribbean'),('Regional Office - Arab States'),('Rwanda'),('Samoa'),('Saudi Arabia'),('Senegal'),('Somalia'),('South Sudan'),('Spain, Regional - Latin America and Caribbean'),('Sri Lanka'),('St Lucia'),('Sudan'),('Switzerland'),('Syrian Arab Republic'),('Tanzania'),('Uganda'),('Uganda, GLOBAL, Regional - Africa, Regional - Asia'),('United States of America'),('Venezuela'),('Vietnam'),('Zambia');
/*!40000 ALTER TABLE `countries` ENABLE KEYS */;
UNLOCK TABLES;

--
-- Table structure for table `donors`
--

DROP TABLE IF EXISTS `donors`;
/*!40101 SET @saved_cs_client     = @@character_set_client */;
/*!50503 SET character_set_client = utf8mb4 */;
CREATE TABLE `donors` (
  `DonorName` varchar(200) NOT NULL,
  PRIMARY KEY (`DonorName`)
) ENGINE=InnoDB DEFAULT CHARSET=utf8mb4 COLLATE=utf8mb4_0900_ai_ci;
/*!40101 SET character_set_client = @saved_cs_client */;

--
-- Dumping data for table `donors`
--

LOCK TABLES `donors` WRITE;
/*!40000 ALTER TABLE `donors` DISABLE KEYS */;
INSERT INTO `donors` VALUES (', ZAPOPAN MUNICIPALITY - GUADALAJARA'),('(TERI) , , GROUP OF SPONSORS'),('ACCD (Catal Coop Dev Agency), AGENCIA CATALANA DE COOPERACIO AL DESENVOLUPAMENT-ACCD CATAL COOP DEV AG'),('Action Aid, , ACTIONAID INTERNATIONAL - UK'),('Action Aid, ACTIONAID INTERNATIONAL - UK'),('African Development Bank, AFRICAN DEVELOPMENT BANK'),('Agence Francaise de Development, AGENCE FRANCAISE DE DEVELOPPEMENT - AFD'),('AHS, ASIAN HABITAT SOCIETY - AHS'),('Alcaldia Mayor de Bogota D.C, APC-Colombia, Corporacion Andina de Fomento (CAF) , Findeter, Other Third Party Payor/Payee , PM of Colombia to the United Nations, S.D.D.E, , CAMARA DE COMERCIO DE BOGOT'),('Alcaldia Mayor de Bogota D.C, DNP, Fiduoccidente, Other Third Party Payor/Payee , PM of Colombia to the United Nations, PM of Spain to the United Nations, UNDP Res Rep Colombia, , ALCALDIA MAYOR DE BO'),('Alcaldia Mayor de Bogota D.C, PM of France to the United Nations, PM of Germany to the United Nations, , ALCALDIA MAYOR DE BOGOTA D C, PM OF FRANCE TO THE UNITED NATIONS, PM OF GERMANY TO THE UNITED N'),('Arcadis Nederland BV , ARCADIS NEDERLAND BV'),('Asian Development Bank (ADB), , ASIAN DEVELOPMENT BANK - ADB'),('Asian Development Bank (ADB), ASIAN DEVELOPMENT BANK - ADB'),('AT-Verband (AT-Association)'),('AT-Verband (AT-Association), AT-VERBAND - AT-ASSOCIATION VERBAND FUR ANG SOZIAL UND UMWELT TECH'),('AusAID'),('AusAID, , AUSTRALIAN AGENCY FOR INTL DEVELOPMENT (AUSAID)'),('AusAID, AUSTRALIAN AGENCY FOR INTL DEVELOPMENT (AUSAID)'),('AusAID, PM of Bahrain to the United Nations, , AUSTRALIAN AGENCY FOR INTL DEVELOPMENT (AUSAID)'),('Avina, Corporacion Andina de Fomento (CAF) , , GROUP OF SPONSORS, CORPORACION ANDINA DE FOMENTO - CAF'),('Barcelona City Council, Ministry of Foreign Affairs of Norway , United Nations Office for Project Services (UNOPS) , , BARCELONA CITY COUNCIL AJUNTAMENT DE BARCELONA, MINISTRY OF FOREIGN AFFAIRS - NOR'),('Barcelona City Council, PM of Spain to the United Nations, , BARCELONA CITY COUNCIL AJUNTAMENT DE BARCELONA, PM OF SPAIN TO THE UNITED NATIONS'),('Barcelona City Council, PM of Spain to the United Nations, AGENCIA CATALANA DE COOPERACIO AL DESENVOLUPAMENT-ACCD CATAL COOP DEV AG, ANDALUSIAN AGENCY INTL COOP FOR DEV, BARCELONA CITY COUNCIL AJUNTAM'),('BASF Stiftung'),('BASF Stiftung, , BASF AG'),('BASF Stiftung, , PREFEITURA DA CIDADE DO RIO DE JANEIRO PCRJ'),('BASF Stiftung, BASF AG'),('BASF Stiftung, PM of Norway to the United Nations, The Palestinian Ministry of Public Works and Housing, , GROUP OF SPONSORS, PM OF NORWAY TO THE UNITED NATIONS'),('Bill & Melinda Gates Foundation , BILL & MELINDA GATES FOUNDATION'),('Booyoung, , BOOYOUNG'),('Booyoung, , BOOYOUNG, PM OF THE REP. OF KOREA TO THE UN'),('Booyoung, BOOYOUNG'),('Cajame, CORREGIDORA, , MUNICIPIO DE CORREGIDORA'),('Cajame, INSTITUTO MUNICIPAL DE INVESTIGACION Y PLANEACION URBANA DE CAJEME IMIP'),('Campania Festival Foundation'),('Campania Festival Foundation, The Ford Foundation , , GROUP OF SPONSORS'),('Canadian International Development Agency (CIDA), CANADIAN INTERNATIONAL DEVELOPMENT AGENCY - CIDA NAIROBI'),('CARE International , European Union , GROUP OF SPONSORS'),('Cellent AG, PM of Sweden to the United Nations, Swedish International Development Cooperation Agency (SIDA) , , CELLENT AG, PM OF SWEDEN TO THE UNITED NATIONS'),('CEPA, COMISION EJECUTIVA PORTUARIA AUT - CEPA'),('Chalmers University of Technology , PM of Norway to the United Nations, PM of Sweden to the United Nations, Swedish International Development Cooperation Agency (SIDA) , UNDP Res Rep Guyana , , GROUP '),('China Environmental Protection Foundation (CEPF), CHINA ENVIRONMENTAL PROTECTION FOUNDATION - CEPF'),('Coca Cola - Atlanta , , COCA COLA - ATLANTA'),('Coca Cola - Atlanta , COCA COLA - ATLANTA'),('Coca Cola India Pvt Ltd. (CCI), COCA COLA INDIA PVT LTD - CCI'),('Consenjo De Investigacion Y Evaluacion De La Politica Social, Municipio De Tlanepantla, PM of Mexico to the United Nations, , CAMARA DE SENADORES DEL CONGRESO GENERAL DE LOS ESTADOS UNIDOS MEXICANOS, '),('Construction Bureau of Jiangyin City , CONSTRUCTION BUREAU OF JIANGYIN CITY'),('CORDAID , International Federation of Red Cross and Red Crescent Societies ( IFRC & RCS ), , AMERICAN RED CROSS - ARC, CORDAID REGIONAL OFFICE NAIROBI, GROUP OF SPONSORS, INTERNATIONAL FEDERATION OF R'),('Corporacion Andina de Fomento (CAF)'),('Corporacion Andina de Fomento (CAF), , CORPORACION ANDINA DE FOMENTO - CAF'),('Corporacion Volver a la Gente'),('CORREGIDORA'),('COSUDE, , AGENCIA SUIZA PARA DESARROLLO Y COOPERACION - OFICINA EN CUBA - COSUDE'),('Department for International Development (DFID), , DEPT FOR INTERNATIONAL DEVELOPMENT DFID/ UNITED KINGDOM'),('Department for International Development (DFID), DEPT FOR INTERNATIONAL DEVELOPMENT DFID/ UNITED KINGDOM'),('Department of Foreign Affairs and Trade of Government of Australia , , DEPT OF FOREIGN AFFAIRS AND TRADE AUSTRALIA - OFF COLLECTORS RECEIPTS ACCT'),('Deutsche Gesellschaft fur Internationale Zusammenarbeit (GIZ), DEUTSCHE GESELLSCHAFT FUR INTERNATIONALE ZUSAMMENARBEIT - GIZ'),('Deutsche Gesellschaft fur Internationale Zusammenarbeit (GIZ), Federal University of Technology , PM of Cameroon to the United Nations, PM of Senegal to the United Nations , DEUTSCHE GESELLSCHAFT FUR '),('Donor to be Identified, PM of Cape Verde to the United Nations , PM OF CABO VERDE TO THE UNITED NATIONS, PM OF CABO VERDE TO THE UNITED NATI, PM OF CABO VERDE TO THE UNITED NATIONS'),('Ecopetrol S.A, PM of Spain to the United Nations, UNDP Res Rep Colombia, , ECOPETROL SA, PM OF SPAIN TO THE UNITED NATIONS'),('ESCAP - Thailand , , UN ECONOMIC AND SOCIAL COMMISSION FOR ASIA AND THE PACIFIC - ESCAP'),('European Commission (EC)'),('European Commission (EC), , EUROPEAN COMMISSION FLAGGED FOR ARCHIVING'),('European Commission (EC), , EUROPEAN COMMISSION FLAGGED FOR ARCHIVING, GROUP OF SPONSORS'),('European Commission (EC), EUROPEAN COMMISSION FLAGGED FOR ARCHIVING'),('European Commission (EC), JICA, PM of Cameroon to the United Nations, PM of Ghana to the United Nations, PM of Niger to the United Nations , PM of Senegal to the United Nations , , EUROPEAN COMMISSION'),('European Commission (EC), PM of Belgium to the United Nations, DEPT FOR INTERNATIONAL DEVELOPMENT DFID/ UNITED KINGDOM, EUROPEAN COMMISSION FLAGGED FOR ARCHIVING, GROUP OF SPONSORS'),('European Union'),('European Union , , EUROPEAN UNION - DELEGATION TO KENYA'),('European Union , , EUROPEAN UNION - DELEGATION TO KENYA, UNDP-HQ'),('FAO - Liaison Office - NY , FAO-NY LIAISON OFFICE'),('FHK'),('FHK, , FUKUOKA HABITAT KENKYUKAI - FHK'),('FSADU, Fundacao Euclides da CUNHA (FEC), , FUNDACAO EUCLIDES DA CUNHA - FEC, GROUP OF SPONSORS'),('Global Environment and Technology Foundation , GLOBAL ENVIRONMENT AND TECHNOLOGY FOUNDATION'),('Global Green Growth Institute, PM OF THE REP. OF KOREA TO THE UN'),('Governing Council of the University of Toronto'),('GROUP OF SPONSORS'),('GUADALAJARA, , GOBIERNO DEL ESTADO DE JALISCO MEXICO'),('Humble Bundle, Mojang AB, PM of Sweden to the United Nations, Swedish International Development Cooperation Agency (SIDA) , , HUMBLE BUNDLE, MOJANG AB, PM OF SWEDEN TO THE UNITED NATIONS'),('IBRD HQ (Washington)'),('IBRD/World Bank'),('IBRD/World Bank, , WORLD BANK-HQ'),('IBRD/World Bank, , WORLD BANK-HQ, WORLD BANK-HQ'),('IBRD/World Bank, WORLD BANK-HQ'),('IBRD/World Bank, WORLD BANK-HQ, WORLD BANK-HQ'),('ICBF, GROUP OF SPONSORS, WORLD BANK-HQ'),('IFAD - Headquarters - Italy, IFAD-HQ INTERNATIONAL FUND FOR AGRICULTURE DEVEL'),('IFAD , , GROUP OF SPONSORS, IFAD-HQ INTERNATIONAL FUND FOR AGRICULTURE DEVEL'),('IFAD , , IFAD-HQ INTERNATIONAL FUND FOR AGRICULTURE DEVEL'),('IFAD , UN Women\'s Guild , , GROUP OF SPONSORS, IFAD-HQ INTERNATIONAL FUND FOR AGRICULTURE DEVEL, SWISS AGENCY FOR DEVELOPMENT AND COOPERATION SDC, UN WOMEN-HQ'),('Instituto Pereira Passos/Prefeitura da Cidade do Rio de Janeiro , , INSTITUTO PEREIRA PASSOS PREFEITURA DA CIDADE DO RIO DE JANEIRO'),('International Ecological Safety Cooperative Organisation (IESCO), , International Eco-Safety Cooperative Organization - IESCO Beijing'),('International Fund for Agricultural Development'),('IOM - Switzerland , UNDP-NEPAL'),('ISVIMED, , GROUP OF SPONSORS, INSTITUTO SOCIAL DE VIVIENDA Y HABITAT DE MEDELLIN - ISVIMED, UNDP-COLOMBIA'),('Japan Water Forum'),('KSPKBLSC01.12-JICA, KSPKBLSC01.12-JICA'),('Kunshan Housing and Urban Rural Development Bureau, KUNSHAN HOUSING AND URBAN RURAL DEVELOPMENT BUREAU'),('Malteser International, , MALTESER INTERNATIONAL'),('Ministry of Foreign Affairs of Norway , NORAD - Norway , PM of Sri Lanka to the United Nations, , GROUP OF SPONSORS, NAROTAM SEKHSARIA FOUNDATION - NSF, PM OF NORWAY TO THE UNITED NATIONS'),('Ministry of Foreign Affairs of Norway , PM of Norway to the United Nations, , MINISTRY OF FOREIGN AFFAIRS - NORWAY, PM OF NORWAY TO THE UNITED NATIONS'),('Ministry of Foreign Affairs of Norway , PM of Norway to the United Nations, , PM OF NORWAY TO THE UNITED NATIONS'),('MINISTRY OF FOREIGN AFFAIRS-ITALY, PM of Italy to the United Nations, , MINISTRY OF FOREIGN AFFAIRS - ITALY, PM OF ITALY TO THE UNITED NATIONS'),('Mongol Diving LLC, MONGOL DIVING LLC'),('MRRD Afghanistan, , MINISTRY OF RURAL REHABILITATION AND DEVELOPMENT - AFGHANISTAN'),('Municipality of Medellin, MUNICIPALITY OF MEDELLIN'),('NORAD - Norway , NSF, PM of Norway to the United Nations, PM of Sri Lanka to the United Nations, , GROUP OF SPONSORS, MINISTRY OF FOREIGN AFFAIRS - NORWAY, PM OF NORWAY TO THE UNITED NATIONS'),('Office for the Coordination of Humanitarian Affairs (OCHA)'),('Ondo State Government, , ONDO STATE GOVERNMENT - OFFICE OF THE GOVERNOR'),('OPEC fund for International Development , , OPEC FUND FOR INTERNATIONAL DEVELOPMENT'),('Organization International de la Francophonie , Politecnico Di Milano , UNEP/GEF Secretariat - Kenya, , UNEP GEF SECRETARIAT - KENYA - INTERNAL UMOJA USE'),('Plan International , PLAN INTERNATIONAL - KENYA'),('PM of Afghanistan to the United Nations, PM OF AFGHANISTAN TO THE UNITED NATIONS'),('PM of Algeria to the United Nations, PM of Kenya to the United Nations, PM of Mali to the United Nations , PM of Nigeria to the United Nations, PM of Tanzania to the United Nations, PM of Togo to the '),('PM of Belgium to the United Nations, PM OF BELGIUM TO THE UNITED NATIONS'),('PM of Brazil to the United Nations , , PM OF BRAZIL TO THE UNITED NATIONS'),('PM of Brazil to the United Nations , MINISTERIO DAS CIDADES - BRASIL MCIDADES'),('PM of Brazil to the United Nations , PM OF BRAZIL TO THE UNITED NATIONS'),('PM of Colombia to the United Nations, UNDP Res Rep Colombia, , GROUP OF SPONSORS, MUNICIPIO DE MANIZALES'),('PM of Denmark to the United Nations , , PM OF DENMARK TO THE UNITED NATIONS'),('PM of Egypt to the United Nations, PM OF THE ARAB REP. OF EGYPT TO THE UN'),('PM of France to the United Nations, , PM OF FRANCE TO THE UNITED NATIONS'),('PM of Haiti to the United Nations , UNDG HRF, , MINUSTAH - INTERNAL UMOJA USE, UN DEVELOPMENT GROUP - HAITI RECONSTRUCT FLAGGED FOR ARCHIVING'),('PM of India to the United Nations, , PM OF INDIA TO THE UNITED NATIONS'),('PM of Iraq to the United Nations, PM OF IRAQ TO THE UNITED NATIONS'),('PM of Japan to the United Nations'),('PM of Japan to the United Nations, , FUKUOKA INTERNATIONAL EXCHANGE FOUNDATION - FIEF'),('PM of Japan to the United Nations, , PM OF JAPAN TO THE UNITED NATIONS'),('PM of Japan to the United Nations, , PM OF JAPAN TO THE UNITED NATIONS, GOVERNMENT OF JAPAN'),('PM of Japan to the United Nations, , PM OF JAPAN TO THE UNITED NATIONS, PM OF NORWAY TO THE UNITED NATIONS, GOVERNMENT OF JAPAN'),('PM of Japan to the United Nations, PM OF JAPAN TO THE UNITED NATIONS'),('PM of Japan to the United Nations, PM OF JAPAN TO THE UNITED NATIONS, PM OF JAPAN TO THE UNITED NATIONS'),('PM of Morocco to the United Nations, , PM OF THE KINGDOM OF MOROCCO TO THE UN'),('PM of Nigeria to the United Nations'),('PM of Nigeria to the United Nations, PM OF NIGERIA TO THE UNITED NATIONS'),('PM of Norway to the United Nations'),('PM of Norway to the United Nations, , MINISTRY OF FOREIGN AFFAIRS - NORWAY, PM OF NORWAY TO THE UNITED NATIONS'),('PM of Norway to the United Nations, , PM OF NORWAY TO THE UNITED NATIONS'),('PM of Norway to the United Nations, PM OF NORWAY TO THE UNITED NATIONS'),('PM of Norway to the United Nations, PM OF NORWAY TO THE UNITED NATIONS, Government of Norway/ Oslo'),('PM of Norway to the United Nations, PM of Sweden to the United Nations, Swedish International Development Cooperation Agency (SIDA)'),('PM of Norway to the United Nations, PM of Sweden to the United Nations, Swedish International Development Cooperation Agency (SIDA) , , PM OF SWEDEN TO THE UNITED NATIONS'),('PM of Norway to the United Nations, Swedish International Development Cooperation Agency (SIDA) , PM OF SWEDEN TO THE UNITED NATIONS'),('PM of Norway to the United Nations, United Nations Office for Project Services (UNOPS) , , PM OF NORWAY TO THE UNITED NATIONS, UNOPS-HQ UN OFFICE FOR PROJECT SERVICES, WORLD BANK-HQ'),('PM of Rep. of Korea to the United Nations, , PM OF THE REP. OF KOREA TO THE UN'),('PM of Rwanda to the United Nations, , PM OF SPAIN TO THE UNITED NATIONS, PM OF THE REPUBLIC OF RWANDA TO THE UN, PM OF SPAIN TO THE UNITED NATIONS'),('PM of Saudi Arabia to the United Nations, PM OF SAUDI ARABIA TO THE UNITED NATIONS, PM OF SAUDI ARABIA TO THE UNITED NA, PM OF SAUDI ARABIA TO THE UNITED NATIONS'),('PM of Slovenia to the United Nations , PM OF THE REPUBLIC OF SLOVENIA TO THE UN'),('PM of South Africa to the United Nations, PM of Sweden to the United Nations, Swedish International Development Cooperation Agency (SIDA) , , PM OF SWEDEN TO THE UNITED NATIONS'),('PM of Spain to the United Nations'),('PM of Spain to the United Nations, , ALCALDIA SANTA MARTA ALCALDIA SANTA MARTA COLOMBIA, PM OF SPAIN TO THE UNITED NATIONS'),('PM of Spain to the United Nations, , PM OF SPAIN TO THE UNITED NATIONS'),('PM of Spain to the United Nations, PM OF SPAIN TO THE UNITED NATIONS'),('PM of Spain to the United Nations, S.D.D.E, , PM OF SPAIN TO THE UNITED NATIONS, SECRETARIA DISTRITAL DE DESARROLLO ECONOMICO - SDDE'),('PM of Spain to the United Nations, UNDP MPTF (Multi-Partner Trust Fund)'),('PM of Sweden to the United Nations'),('PM of Sweden to the United Nations, , GROUP OF SPONSORS, PM OF SWEDEN TO THE UNITED NATIONS'),('PM of Sweden to the United Nations, Swedish International Development Cooperation Agency (SIDA)'),('PM of Sweden to the United Nations, Swedish International Development Cooperation Agency (SIDA) , , GROUP OF SPONSORS'),('PM of Sweden to the United Nations, Swedish International Development Cooperation Agency (SIDA) , , PM OF SWEDEN TO THE UNITED NATIONS'),('PM of Sweden to the United Nations, Swedish International Development Cooperation Agency (SIDA) , GROUP OF SPONSORS'),('PM of Sweden to the United Nations, Swedish International Development Cooperation Agency (SIDA) , PM OF SWEDEN TO THE UNITED NATIONS'),('PM of the United States to the United Nations'),('PM of the United States to the United Nations, PM OF THE UNITED STATES TO THE UN'),('SAERG'),('SWEDISH INTERNATIONAL DEVELOPMENT COOPERATION AGENCY - SIDA'),('Swedish International Development Cooperation Agency (SIDA)'),('Swedish International Development Cooperation Agency (SIDA) , , SWEDISH INTERNATIONAL DEVELOPMENT COOPERATION AGENCY - SIDA'),('Swedish International Development Cooperation Agency (SIDA) , SWEDISH INTERNATIONAL DEVELOPMENT COOPERATION AGENCY - SIDA, UNDP-HQ'),('Swedish International Development Cooperation Agency (SIDA) , UNHCR - HQ , UNHCR-HQ'),('Swiss Agency for Development and Cooperation (SDC) , , SWISS AGENCY FOR DEVELOPMENT AND COOPERATION SDC'),('The Ford Foundation'),('The Ford Foundation , FORD FOUNDATION - NEW YORK'),('THE GRAND KOREAN LEISURE COMPANY, , GRAND KOREAN LEISURE COMPANY GKL'),('Uganda Women\'s Land Access Trust (ULWAT) , , PM OF NORWAY TO THE UNITED NATIONS'),('Ulaanbaatar City Government, CITY OF ULAANBAATAR GOVERNMENT'),('UN Headquarters (UNHQ)'),('UNAIDS - Switzerland , , UNAIDS-HQ'),('UNDAP of Tanzania, , UNDAP OF TANZANIA'),('UNDP - Headquarters, , UNDP-HQ'),('UNDP (SO), , GROUP OF SPONSORS, UNDP MPTF (Multi-Partner Trust Fund), UNDP-SOMALIA'),('UNDP (SO), UNDP Multi Donor Trust Fund Office, , GROUP OF SPONSORS, UNDP MPTF (Multi-Partner Trust Fund), UNDP-SOMALIA'),('UNDP (SO), UNDP Multi Donor Trust Fund Office, , UNDP MPTF (Multi-Partner Trust Fund)'),('UNDP Bureau for Development Policy/ Energy Group, UNDP-LAO PEOPLE\'S DEMOCRATIC REPUBLIC'),('UNDP Multi Donor Trust Fund Office, , GROUP OF SPONSORS'),('UNDP Multi Donor Trust Fund Office, , UNDP MPTF (Multi-Partner Trust Fund)'),('UNDP Multi Donor Trust Fund Office, UNDP MPTF (Multi-Partner Trust Fund)'),('UNDP Multi Donor Trust Fund Office, UNDP MPTF (Multi-Partner Trust Fund), SWISS AGENCY FOR DEVELOPMENT AND, SWISS AGENCY FOR DEVELOPMENT AND COOPERATION SDC'),('UNDP Multi Donor Trust Fund Office, UNDP-HQ'),('UNDP Res Rep Chad, GROUP OF SPONSORS, UNDP-CHAD'),('UNDP Res Rep Chad, UNDP-CHAD'),('UNDP Res Rep Colombia, , INSTITUTO SOCIAL DE VIVIENDA Y HABITAT DE MEDELLIN - ISVIMED'),('UNDP Res Rep Colombia, AREA MET DEL VALLE DE ABURRA AMVA'),('UNDP Res Rep Fiji , UNDP-FIJI'),('UNDP Res Rep Gabon , GROUP OF SPONSORS, UNDP-GABON'),('UNDP Res Rep Haiti , , GROUP OF SPONSORS'),('UNDP Res Rep Haiti , UNDP-HAITI'),('UNDP Res Rep Iraq - Amman Office, , UNDP-IRAQ'),('UNDP Res Rep Jordan , UNDP-JORDAN'),('UNDP Res Rep Liberia, , UNDP-LIBERIA'),('UNDP Res Rep Liberia, UNDP-LIBERIA'),('UNDP Res Rep Madagascar , UNDP-HQ'),('UNDP Res Rep Myanmar, UNDP-MYANMAR'),('UNDP Res Rep Pakistan, UNDP-PAKISTAN'),('UNDP Res Rep Zambia , , UNDP-ZAMBIA'),('UNEP/GEF Secretariat - Kenya, , GROUP OF SPONSORS, UNEP - INTERNAL UMOJA USE'),('UNESCO Islamabad'),('UNESCO-IHE Institute for Water Education , , UNESCO-INSTITUTE FOR WATER EDUCATION IHE'),('UNFPA , , GROUP OF SPONSORS, UNFPA-KENYA'),('UNFPA Pakistan , UNFPA-PAKISTAN'),('UNHCR - HQ , , UNHCR-HQ'),('UNHCR - HQ , UNHCR-HQ'),('UNHCR , , UNHCR-HQ, UNHCR-HQ'),('UNHCR , UNHCR - HQ , GROUP OF SPONSORS, UNHCR-HQ, UNHCR-PAKISTAN'),('UNHCR , UNHCR-PAKISTAN'),('UNHCR , UNHCR-SUDAN UNITED NATIONS HIGH COMMISSIONER FOR'),('UNHCR SUDAN'),('UNHCR/UNBRO -Switzerland , , UNHCR-HQ, UNHCR-HQ'),('UNICEF - Lebanon , , UNICEF-LEBANON'),('UNICEF - Lebanon , UNICEF-LEBANON'),('UNICEF - Madagascar , UNTFHS, , UN TRUST FUND FOR HUMAN SECURITY'),('UNICEF - Pakistan, UNICEF-PAKISTAN'),('UNICEF - Philippines , , UNICEF-PHILIPPINES'),('UNIPV, , UNIVERSITY OF PAVIA - DEPARMENT OF ELECTRONICS - UNIPV'),('UNISDR'),('UNISDR, UN OFFICE FOR DISASTER RISK REDUCTION UNDRR'),('United Nations Children\'s Fund Somalia Country Office - UNICEF (SoCo), , UNICEF-SOMALIA'),('United Nations Children\'s Fund Somalia Country Office - UNICEF (SoCo), UNICEF-SOMALIA'),('United Nations Development Programme (UNDP) , UNDP-SUDAN'),('United Nations Economic Commission for Africa (UNECA), , UNITED NATIONS ECONOMIC COMMISSION FOR AFRICA - ECA - INTERNAL UMOJA USE'),('United Nations Environment Programme (UNEP)'),('United Nations Fund for International Partnership (UNFIP)'),('United Nations General Trust Fund'),('United Nations General Trust Fund, , UNITED NATIONS GENERAL TRUST FUND INTERNAL UMOJA USE'),('United Nations General Trust Fund, UNITED NATIONS GENERAL TRUST FUND INTERNAL UMOJA USE'),('United Nations High Commission for Refugees Somalia Branch Office - UNCHR (SoCo), UNHCR-SOMALIA'),('United Nations High Commission for Refuges (UNHCR)'),('United Nations Office for Project Services (UNOPS) , , UNOPS-UAE'),('United Nations Office for the Coordination of Humanitarian Affairs -(OCHA) , UNOCHA - GENEVA - INTERNAL UMOJA USE'),('UNMISS, , UNMISS - INTERNAL UMOJA USE'),('UNMISS, UNMISS - INTERNAL UMOJA USE'),('UNOCHA - Somalia (SO), , UNOCHA - SOMALIA SO - INTERNAL UMOJA USE, UNDP-SOMALIA'),('UNOCHA - Somalia (SO), UNOCHA - SOMALIA SO - INTERNAL UMOJA USE'),('UNOPS - Switzerland , , UNOPS-SWITZERLAND'),('UNOPS - Switzerland , , UNOPS-SWITZERLAND, UNOPS-SWITZERLAND'),('USAID'),('USAID, , USAID - WASHINGTON US AGENCY FOR INTERNATIONAL DEVELOPMENT'),('USAID, USAID - WASHINGTON US AGENCY FOR INTERNATIONAL DEVELOPMENT'),('WFP, WFP-DUBAI WORLD FOOD PROGRAMME'),('World Health Organization Sudan Office - WHO (SuO) , WHO-SUDAN'),('Wuppertal Institut Fur Klima/ Umwelt/ Energie GMBH, WUPPERTAL INSTITUT FUR KLIMA/ UMWELT ENERGIE GMBH'),('Zapopan, MUNICIPAL GOVERNMENT OF ZAPOPAN');
/*!40000 ALTER TABLE `donors` ENABLE KEYS */;
UNLOCK TABLES;

--
-- Table structure for table `project_countries`
--

DROP TABLE IF EXISTS `project_countries`;
/*!40101 SET @saved_cs_client     = @@character_set_client */;
/*!50503 SET character_set_client = utf8mb4 */;
CREATE TABLE `project_countries` (
  `ProjectID` varchar(50) NOT NULL,
  `CountryName` varchar(100) NOT NULL,
  PRIMARY KEY (`ProjectID`,`CountryName`),
  KEY `CountryName` (`CountryName`),
  CONSTRAINT `project_countries_ibfk_1` FOREIGN KEY (`ProjectID`) REFERENCES `projects` (`ProjectID`) ON DELETE CASCADE,
  CONSTRAINT `project_countries_ibfk_2` FOREIGN KEY (`CountryName`) REFERENCES `countries` (`CountryName`) ON DELETE CASCADE
) ENGINE=InnoDB DEFAULT CHARSET=utf8mb4 COLLATE=utf8mb4_0900_ai_ci;
/*!40101 SET character_set_client = @saved_cs_client */;

--
-- Dumping data for table `project_countries`
--

LOCK TABLES `project_countries` WRITE;
/*!40000 ALTER TABLE `project_countries` DISABLE KEYS */;
INSERT INTO `project_countries` VALUES ('1691','Afghanistan'),('1877','Afghanistan'),('1958','Afghanistan'),('2024','Afghanistan'),('2126','Afghanistan'),('2198','Afghanistan'),('2247','Afghanistan'),('2297','Afghanistan'),('2330','Afghanistan'),('2401','Afghanistan'),('2471','Afghanistan'),('2613','Afghanistan'),('2165','Afghanistan, Bangladesh, Bhutan, India, Sri Lanka, Maldives, Nepal, Pakistan'),('1780','Anguilla, Antigua and Barbuda, Dominica, Grenada, St Kitts and Nevis, St Lucia, St Vincent and the G'),('2135','Bangladesh'),('3001','Bangladesh'),('2548','Bangladesh, Bhutan, India, Sri Lanka, Nepal'),('2603','Bangladesh, Cambodia, Laos, Sri Lanka, Myanmar, Nepal, Pakistan, Philippines, Papua New Guinea, Thai'),('1876','Belgium'),('1799','Bolivia, Colombia, Ecuador, Spain, Mozambique, El Salvador, GLOBAL, Regional - Latin America and Car'),('2321','Bosnia and Herzegowina'),('1764','Brazil'),('1800','Brazil'),('1943','Brazil'),('2329','Brazil'),('1947','Burkina Faso'),('2531','Burkina Faso'),('2427','Burundi'),('1794','Burundi, Kenya, Rwanda, Tanzania, Uganda'),('2001','Burundi, Kenya, Rwanda, Tanzania, Uganda'),('2580','Cambodia'),('2434','Cameroon, Nigeria, Senegal'),('2283','Cape Verde'),('2532','Cape Verde'),('2550','Chad'),('2610','Chad'),('1701','China'),('2318','China'),('2429','China'),('2604','China'),('2389','China, Cambodia, Nigeria, Thailand, Tanzania'),('1697','China, Indonesia, Sri Lanka, Philippines'),('2193','Colombia'),('2197','Colombia'),('2311','Colombia'),('2346','Colombia'),('2351','Colombia'),('2370','Colombia'),('2377','Colombia'),('2379','Colombia'),('2432','Colombia'),('2437','Colombia'),('2557','Colombia'),('1760','Colombia, Cuba'),('2326','Colombia, Egypt, Mozambique, Philippines, Rwanda'),('2349','Comoros, Madagascar, Mozambique, Malawi'),('1964','Cote d\'Ivoire, Nigeria'),('2075','Cuba'),('2189','Cuba'),('1690','Democratic Republic of Congo'),('2023','Democratic Republic of Congo'),('2155','Democratic Republic of Congo'),('2191','Democratic Republic of Congo'),('2388','Democratic Republic of Congo'),('2407','Democratic Republic of Congo'),('2413','Democratic Republic of Congo'),('1768','Egypt'),('2250','Egypt'),('2257','Egypt'),('2258','Egypt'),('2312','Egypt'),('2421','Egypt'),('2433','Egypt'),('2537','Egypt'),('2061','El Salvador'),('2446','El Salvador'),('2308','Ethiopia'),('2344','Ethiopia'),('2342','Ethiopia, Ghana, Guinea, Kenya, Malawi, Namibia, Togo, Tanzania, Zambia'),('1758','Ethiopia, Kenya, Uganda'),('1878','Gabon'),('2534','Germany, Egypt, Rwanda, Vietnam'),('2553','Ghana'),('1000','GLOBAL'),('1667','GLOBAL'),('1674','GLOBAL'),('1711','GLOBAL'),('1713','GLOBAL'),('1719','GLOBAL'),('1721','GLOBAL'),('1722','GLOBAL'),('1731','GLOBAL'),('1732','GLOBAL'),('1733','GLOBAL'),('1734','GLOBAL'),('1735','GLOBAL'),('1737','GLOBAL'),('1749','GLOBAL'),('1753','GLOBAL'),('1754','GLOBAL'),('1756','GLOBAL'),('1761','GLOBAL'),('1762','GLOBAL'),('1784','GLOBAL'),('1788','GLOBAL'),('1789','GLOBAL'),('1790','GLOBAL'),('1791','GLOBAL'),('1793','GLOBAL'),('1796','GLOBAL'),('1861','GLOBAL'),('1898','GLOBAL'),('1902','GLOBAL'),('1945','GLOBAL'),('1946','GLOBAL'),('1956','GLOBAL'),('1985','GLOBAL'),('1986','GLOBAL'),('1987','GLOBAL'),('1989','GLOBAL'),('1994','GLOBAL'),('1997','GLOBAL'),('1998','GLOBAL'),('1999','GLOBAL'),('2000','GLOBAL'),('2002','GLOBAL'),('2004','GLOBAL'),('2005','GLOBAL'),('2007','GLOBAL'),('2008','GLOBAL'),('2009','GLOBAL'),('2010','GLOBAL'),('2012','GLOBAL'),('2013','GLOBAL'),('2014','GLOBAL'),('2015','GLOBAL'),('2016','GLOBAL'),('2017','GLOBAL'),('2041','GLOBAL'),('2045','GLOBAL'),('2046','GLOBAL'),('2047','GLOBAL'),('2048','GLOBAL'),('2052','GLOBAL'),('2056','GLOBAL'),('2064','GLOBAL'),('2065','GLOBAL'),('2079','GLOBAL'),('2081','GLOBAL'),('2083','GLOBAL'),('2084','GLOBAL'),('2087','GLOBAL'),('2089','GLOBAL'),('2093','GLOBAL'),('2096','GLOBAL'),('2098','GLOBAL'),('2103','GLOBAL'),('2166','GLOBAL'),('2184','GLOBAL'),('2192','GLOBAL'),('2194','GLOBAL'),('2195','GLOBAL'),('2224','GLOBAL'),('2229','GLOBAL'),('2230','GLOBAL'),('2231','GLOBAL'),('2232','GLOBAL'),('2233','GLOBAL'),('2234','GLOBAL'),('2235','GLOBAL'),('2236','GLOBAL'),('2237','GLOBAL'),('2238','GLOBAL'),('2240','GLOBAL'),('2244','GLOBAL'),('2245','GLOBAL'),('2313','GLOBAL'),('2331','GLOBAL'),('2350','GLOBAL'),('2352','GLOBAL'),('2382','GLOBAL'),('2397','GLOBAL'),('2411','GLOBAL'),('2431','GLOBAL'),('2483','GLOBAL'),('2508','GLOBAL'),('2509','GLOBAL'),('2510','GLOBAL'),('2513','GLOBAL'),('2585','GLOBAL'),('2596','GLOBAL'),('2615','GLOBAL'),('2595','GLOBAL, Regional - Africa, Regional - Latin America and Caribbean, Regional Office - Arab States'),('1707','Haiti'),('1708','Haiti'),('1709','Haiti'),('1779','Haiti'),('1781','Haiti'),('1782','Haiti'),('2011','Haiti'),('2074','Haiti'),('2445','Haiti'),('1750','India'),('1759','Indonesia'),('1786','Iraq'),('1787','Iraq'),('1968','Iraq'),('2129','Iraq'),('2323','Iraq'),('2414','Iraq'),('2462','Iraq'),('2559','Iraq'),('2560','Iraq'),('2561','Iraq'),('1700','Japan'),('1881','Japan'),('2069','Jordan'),('2602','Jordan'),('1666','Kenya'),('1714','Kenya'),('1720','Kenya'),('1883','Kenya'),('1884','Kenya'),('2054','Kenya'),('2154','Kenya'),('2336','Kenya'),('2393','Kenya'),('2428','Kenya'),('2524','Kenya'),('2525','Kenya'),('2526','Kenya'),('2621','Kenya'),('2999','Kenya'),('1850','Kenya, Tanzania, Uganda'),('2498','Kenya, Uganda'),('1897','Korea, Republic of'),('1778','Kosovo'),('1752','Laos'),('1851','Laos'),('2552','Laos'),('2536','Laos, Nepal'),('2082','Lebanon'),('2178','Lebanon'),('2394','Lebanon'),('2484','Lebanon'),('2502','Lebanon'),('2578','Lebanon'),('2579','Lebanon'),('1687','Liberia'),('1863','Liberia'),('2085','Liberia'),('2317','Liberia'),('2470','Liberia'),('2521','Liberia'),('2068','Libyan Arab Jamahiriya'),('1767','Madagascar'),('2183','Madagascar'),('2185','Madagascar, Mozambique, Malawi'),('2362','Madagascar, Mozambique, Malawi'),('1770','Malawi'),('1795','Mali'),('2067','Mexico'),('2164','Mexico'),('2365','Mexico'),('2367','Mexico'),('2441','Mexico'),('2076','Mongolia'),('2488','Mongolia'),('2506','Mongolia'),('2090','Mozambique'),('2170','Mozambique'),('1698','Myanmar'),('1702','Myanmar'),('1704','Myanmar'),('1773','Myanmar'),('1984','Myanmar'),('2138','Myanmar'),('2143','Myanmar'),('2251','Myanmar'),('2337','Myanmar'),('2500','Myanmar'),('2609','Myanmar'),('2611','Myanmar'),('2078','Nepal'),('2345','Nepal'),('2354','Nepal'),('2043','Nigeria'),('2294','Nigeria'),('2392','Nigeria'),('1693','Pakistan'),('1696','Pakistan'),('1703','Pakistan'),('1751','Pakistan'),('1755','Pakistan'),('1774','Pakistan'),('1775','Pakistan'),('1776','Pakistan'),('2108','Pakistan'),('2113','Pakistan'),('2125','Pakistan'),('2131','Pakistan'),('2293','Pakistan'),('2340','Pakistan'),('2423','Pakistan'),('2463','Pakistan'),('2465','Pakistan'),('2516','Pakistan'),('2546','Pakistan'),('2547','Pakistan'),('2573','Pakistan'),('2583','Pakistan'),('2584','Pakistan'),('2588','Pakistan'),('1802','Palestine'),('1858','Palestine'),('2356','Palestine'),('2418','Palestine'),('2477','Palestine'),('2504','Palestine'),('2517','Palestine'),('2327','Papua New Guinea'),('2141','Philippines'),('2167','Philippines'),('2439','Philippines'),('2545','Philippines'),('2570','Philippines'),('2607','Philippines'),('1688','Regional - Africa'),('1689','Regional - Africa'),('1726','Regional - Africa'),('1859','Regional - Africa'),('1869','Regional - Africa'),('1903','Regional - Africa'),('1988','Regional - Africa'),('2157','Regional - Africa'),('2182','Regional - Africa'),('2334','Regional - Africa'),('2339','Regional - Africa'),('2348','Regional - Africa'),('2474','Regional - Africa'),('1944','Regional - Africa, Regional - Asia, Regional - Latin America and Caribbean'),('1699','Regional - Asia'),('1757','Regional - Asia'),('1777','Regional - Asia'),('1871','Regional - Asia'),('1879','Regional - Asia'),('1880','Regional - Asia'),('1990','Regional - Asia'),('2058','Regional - Asia'),('2070','Regional - Asia'),('2080','Regional - Asia'),('2140','Regional - Asia'),('2151','Regional - Asia'),('2243','Regional - Asia'),('2408','Regional - Asia'),('2447','Regional - Asia'),('2529','Regional - Asia'),('2562','Regional - Asia'),('2605','Regional - Asia'),('2617','Regional - Asia'),('1792','Regional - Latin America and Caribbean'),('1860','Regional - Latin America and Caribbean'),('1872','Regional - Latin America and Caribbean'),('1962','Regional - Latin America and Caribbean'),('1963','Regional - Latin America and Caribbean'),('2222','Regional - Latin America and Caribbean'),('2403','Regional - Latin America and Caribbean'),('1870','Regional Office - Arab States'),('2249','Rwanda'),('2072','Samoa'),('2130','Samoa'),('2322','Samoa'),('2316','Saudi Arabia'),('2541','Saudi Arabia'),('1684','Senegal'),('1681','Somalia'),('1682','Somalia'),('1683','Somalia'),('1769','Somalia'),('1771','Somalia'),('1900','Somalia'),('1901','Somalia'),('1996','Somalia'),('2122','Somalia'),('2123','Somalia'),('2127','Somalia'),('2128','Somalia'),('2325','Somalia'),('2338','Somalia'),('2369','Somalia'),('2372','Somalia'),('2373','Somalia'),('2374','Somalia'),('2375','Somalia'),('2400','Somalia'),('2511','Somalia'),('2571','Somalia'),('2593','Somalia'),('2055','South Sudan'),('2226','South Sudan'),('2405','South Sudan'),('1866','Spain, Regional - Latin America and Caribbean'),('1692','Sri Lanka'),('1705','Sri Lanka'),('1804','Sri Lanka'),('1862','Sri Lanka'),('1957','Sri Lanka'),('2077','Sri Lanka'),('2162','Sri Lanka'),('2295','Sri Lanka'),('2558','Sri Lanka'),('2384','St Lucia'),('1772','Sudan'),('1803','Sudan'),('1979','Sudan'),('2180','Sudan'),('2186','Sudan'),('2538','Sudan'),('1875','Switzerland'),('2256','Switzerland'),('2179','Syrian Arab Republic'),('2440','Syrian Arab Republic'),('2501','Syrian Arab Republic'),('3000','Syrian Arab Republic'),('1801','Tanzania'),('2554','Tanzania'),('1717','Uganda'),('2168','Uganda'),('2424','Uganda, GLOBAL, Regional - Africa, Regional - Asia'),('1874','United States of America'),('2565','Venezuela'),('2062','Vietnam'),('2152','Vietnam'),('2156','Vietnam'),('2527','Vietnam'),('2160','Zambia'),('2589','Zambia');
/*!40000 ALTER TABLE `project_countries` ENABLE KEYS */;
UNLOCK TABLES;

--
-- Table structure for table `project_donors`
--

DROP TABLE IF EXISTS `project_donors`;
/*!40101 SET @saved_cs_client     = @@character_set_client */;
/*!50503 SET character_set_client = utf8mb4 */;
CREATE TABLE `project_donors` (
  `ProjectID` varchar(50) NOT NULL,
  `DonorName` varchar(200) NOT NULL,
  PRIMARY KEY (`ProjectID`,`DonorName`),
  KEY `DonorName` (`DonorName`),
  CONSTRAINT `project_donors_ibfk_1` FOREIGN KEY (`ProjectID`) REFERENCES `projects` (`ProjectID`) ON DELETE CASCADE,
  CONSTRAINT `project_donors_ibfk_2` FOREIGN KEY (`DonorName`) REFERENCES `donors` (`DonorName`) ON DELETE CASCADE
) ENGINE=InnoDB DEFAULT CHARSET=utf8mb4 COLLATE=utf8mb4_0900_ai_ci;
/*!40101 SET character_set_client = @saved_cs_client */;

--
-- Dumping data for table `project_donors`
--

LOCK TABLES `project_donors` WRITE;
/*!40000 ALTER TABLE `project_donors` DISABLE KEYS */;
INSERT INTO `project_donors` VALUES ('2367',', ZAPOPAN MUNICIPALITY - GUADALAJARA'),('1793','(TERI) , , GROUP OF SPONSORS'),('1753','ACCD (Catal Coop Dev Agency), AGENCIA CATALANA DE COOPERACIO AL DESENVOLUPAMENT-ACCD CATAL COOP DEV AG'),('2611','Action Aid, , ACTIONAID INTERNATIONAL - UK'),('2138','Action Aid, ACTIONAID INTERNATIONAL - UK'),('2001','African Development Bank, AFRICAN DEVELOPMENT BANK'),('1791','Agence Francaise de Development, AGENCE FRANCAISE DE DEVELOPPEMENT - AFD'),('2604','AHS, ASIAN HABITAT SOCIETY - AHS'),('2346','Alcaldia Mayor de Bogota D.C, APC-Colombia, Corporacion Andina de Fomento (CAF) , Findeter, Other Third Party Payor/Payee , PM of Colombia to the United Nations, S.D.D.E, , CAMARA DE COMERCIO DE BOGOT'),('2197','Alcaldia Mayor de Bogota D.C, DNP, Fiduoccidente, Other Third Party Payor/Payee , PM of Colombia to the United Nations, PM of Spain to the United Nations, UNDP Res Rep Colombia, , ALCALDIA MAYOR DE BO'),('1721','Alcaldia Mayor de Bogota D.C, PM of France to the United Nations, PM of Germany to the United Nations, , ALCALDIA MAYOR DE BOGOTA D C, PM OF FRANCE TO THE UNITED NATIONS, PM OF GERMANY TO THE UNITED N'),('1990','Arcadis Nederland BV , ARCADIS NEDERLAND BV'),('2609','Asian Development Bank (ADB), , ASIAN DEVELOPMENT BANK - ADB'),('1697','Asian Development Bank (ADB), ASIAN DEVELOPMENT BANK - ADB'),('2076','Asian Development Bank (ADB), ASIAN DEVELOPMENT BANK - ADB'),('2056','AT-Verband (AT-Association)'),('2534','AT-Verband (AT-Association), AT-VERBAND - AT-ASSOCIATION VERBAND FUR ANG SOZIAL UND UMWELT TECH'),('1698','AusAID'),('1780','AusAID, , AUSTRALIAN AGENCY FOR INTL DEVELOPMENT (AUSAID)'),('1804','AusAID, , AUSTRALIAN AGENCY FOR INTL DEVELOPMENT (AUSAID)'),('1957','AusAID, , AUSTRALIAN AGENCY FOR INTL DEVELOPMENT (AUSAID)'),('1705','AusAID, AUSTRALIAN AGENCY FOR INTL DEVELOPMENT (AUSAID)'),('2384','AusAID, PM of Bahrain to the United Nations, , AUSTRALIAN AGENCY FOR INTL DEVELOPMENT (AUSAID)'),('1860','Avina, Corporacion Andina de Fomento (CAF) , , GROUP OF SPONSORS, CORPORACION ANDINA DE FOMENTO - CAF'),('2313','Barcelona City Council, Ministry of Foreign Affairs of Norway , United Nations Office for Project Services (UNOPS) , , BARCELONA CITY COUNCIL AJUNTAMENT DE BARCELONA, MINISTRY OF FOREIGN AFFAIRS - NOR'),('2103','Barcelona City Council, PM of Spain to the United Nations, , BARCELONA CITY COUNCIL AJUNTAMENT DE BARCELONA, PM OF SPAIN TO THE UNITED NATIONS'),('1866','Barcelona City Council, PM of Spain to the United Nations, AGENCIA CATALANA DE COOPERACIO AL DESENVOLUPAMENT-ACCD CATAL COOP DEV AG, ANDALUSIAN AGENCY INTL COOP FOR DEV, BARCELONA CITY COUNCIL AJUNTAM'),('1750','BASF Stiftung'),('1792','BASF Stiftung, , BASF AG'),('1911','BASF Stiftung, , PREFEITURA DA CIDADE DO RIO DE JANEIRO PCRJ'),('2054','BASF Stiftung, BASF AG'),('2429','BASF Stiftung, BASF AG'),('2595','BASF Stiftung, BASF AG'),('1000','BASF Stiftung, PM of Norway to the United Nations, The Palestinian Ministry of Public Works and Housing, , GROUP OF SPONSORS, PM OF NORWAY TO THE UNITED NATIONS'),('2005','Bill & Melinda Gates Foundation , BILL & MELINDA GATES FOUNDATION'),('1938','Booyoung, , BOOYOUNG'),('2348','Booyoung, , BOOYOUNG, PM OF THE REP. OF KOREA TO THE UN'),('1719','Booyoung, BOOYOUNG'),('2160','Booyoung, BOOYOUNG'),('2411','Cajame, CORREGIDORA, , MUNICIPIO DE CORREGIDORA'),('2441','Cajame, INSTITUTO MUNICIPAL DE INVESTIGACION Y PLANEACION URBANA DE CAJEME IMIP'),('2017','Campania Festival Foundation'),('1667','Campania Festival Foundation, The Ford Foundation , , GROUP OF SPONSORS'),('2583','Canadian International Development Agency (CIDA), CANADIAN INTERNATIONAL DEVELOPMENT AGENCY - CIDA NAIROBI'),('1708','CARE International , European Union , GROUP OF SPONSORS'),('1987','Cellent AG, PM of Sweden to the United Nations, Swedish International Development Cooperation Agency (SIDA) , , CELLENT AG, PM OF SWEDEN TO THE UNITED NATIONS'),('2446','CEPA, COMISION EJECUTIVA PORTUARIA AUT - CEPA'),('1994','Chalmers University of Technology , PM of Norway to the United Nations, PM of Sweden to the United Nations, Swedish International Development Cooperation Agency (SIDA) , UNDP Res Rep Guyana , , GROUP '),('2318','China Environmental Protection Foundation (CEPF), CHINA ENVIRONMENTAL PROTECTION FOUNDATION - CEPF'),('2548','Coca Cola - Atlanta , , COCA COLA - ATLANTA'),('2058','Coca Cola - Atlanta , COCA COLA - ATLANTA'),('2546','Coca Cola - Atlanta , COCA COLA - ATLANTA'),('2547','Coca Cola - Atlanta , COCA COLA - ATLANTA'),('1754','Coca Cola India Pvt Ltd. (CCI), COCA COLA INDIA PVT LTD - CCI'),('1923','Consenjo De Investigacion Y Evaluacion De La Politica Social, Municipio De Tlanepantla, PM of Mexico to the United Nations, , CAMARA DE SENADORES DEL CONGRESO GENERAL DE LOS ESTADOS UNIDOS MEXICANOS, '),('1701','Construction Bureau of Jiangyin City , CONSTRUCTION BUREAU OF JIANGYIN CITY'),('2445','CORDAID , International Federation of Red Cross and Red Crescent Societies ( IFRC & RCS ), , AMERICAN RED CROSS - ARC, CORDAID REGIONAL OFFICE NAIROBI, GROUP OF SPONSORS, INTERNATIONAL FEDERATION OF R'),('1962','Corporacion Andina de Fomento (CAF)'),('1963','Corporacion Andina de Fomento (CAF)'),('2565','Corporacion Andina de Fomento (CAF), , CORPORACION ANDINA DE FOMENTO - CAF'),('1760','Corporacion Volver a la Gente'),('2166','CORREGIDORA'),('2189','COSUDE, , AGENCIA SUIZA PARA DESARROLLO Y COOPERACION - OFICINA EN CUBA - COSUDE'),('2123','Department for International Development (DFID), , DEPT FOR INTERNATIONAL DEVELOPMENT DFID/ UNITED KINGDOM'),('2508','Department for International Development (DFID), DEPT FOR INTERNATIONAL DEVELOPMENT DFID/ UNITED KINGDOM'),('2517','Department for International Development (DFID), DEPT FOR INTERNATIONAL DEVELOPMENT DFID/ UNITED KINGDOM'),('2613','Department of Foreign Affairs and Trade of Government of Australia , , DEPT OF FOREIGN AFFAIRS AND TRADE AUSTRALIA - OFF COLLECTORS RECEIPTS ACCT'),('2421','Deutsche Gesellschaft fur Internationale Zusammenarbeit (GIZ), DEUTSCHE GESELLSCHAFT FUR INTERNATIONALE ZUSAMMENARBEIT - GIZ'),('2434','Deutsche Gesellschaft fur Internationale Zusammenarbeit (GIZ), Federal University of Technology , PM of Cameroon to the United Nations, PM of Senegal to the United Nations , DEUTSCHE GESELLSCHAFT FUR '),('2532','Donor to be Identified, PM of Cape Verde to the United Nations , PM OF CABO VERDE TO THE UNITED NATIONS, PM OF CABO VERDE TO THE UNITED NATI, PM OF CABO VERDE TO THE UNITED NATIONS'),('2370','Ecopetrol S.A, PM of Spain to the United Nations, UNDP Res Rep Colombia, , ECOPETROL SA, PM OF SPAIN TO THE UNITED NATIONS'),('2584','ESCAP - Thailand , , UN ECONOMIC AND SOCIAL COMMISSION FOR ASIA AND THE PACIFIC - ESCAP'),('1906','European Commission (EC)'),('1877','European Commission (EC), , EUROPEAN COMMISSION FLAGGED FOR ARCHIVING'),('1912','European Commission (EC), , EUROPEAN COMMISSION FLAGGED FOR ARCHIVING'),('2162','European Commission (EC), , EUROPEAN COMMISSION FLAGGED FOR ARCHIVING'),('2185','European Commission (EC), , EUROPEAN COMMISSION FLAGGED FOR ARCHIVING'),('2500','European Commission (EC), , EUROPEAN COMMISSION FLAGGED FOR ARCHIVING'),('2504','European Commission (EC), , EUROPEAN COMMISSION FLAGGED FOR ARCHIVING, GROUP OF SPONSORS'),('1692','European Commission (EC), EUROPEAN COMMISSION FLAGGED FOR ARCHIVING'),('2322','European Commission (EC), EUROPEAN COMMISSION FLAGGED FOR ARCHIVING'),('2418','European Commission (EC), EUROPEAN COMMISSION FLAGGED FOR ARCHIVING'),('1902','European Commission (EC), JICA, PM of Cameroon to the United Nations, PM of Ghana to the United Nations, PM of Niger to the United Nations , PM of Senegal to the United Nations , , EUROPEAN COMMISSION'),('1802','European Commission (EC), PM of Belgium to the United Nations, DEPT FOR INTERNATIONAL DEVELOPMENT DFID/ UNITED KINGDOM, EUROPEAN COMMISSION FLAGGED FOR ARCHIVING, GROUP OF SPONSORS'),('2339','European Union'),('1782','European Union , , EUROPEAN UNION - DELEGATION TO KENYA'),('2127','European Union , , EUROPEAN UNION - DELEGATION TO KENYA'),('2345','European Union , , EUROPEAN UNION - DELEGATION TO KENYA'),('1771','European Union , , EUROPEAN UNION - DELEGATION TO KENYA, UNDP-HQ'),('2362','FAO - Liaison Office - NY , FAO-NY LIAISON OFFICE'),('1752','FHK'),('2536','FHK, , FUKUOKA HABITAT KENKYUKAI - FHK'),('1800','FSADU, Fundacao Euclides da CUNHA (FEC), , FUNDACAO EUCLIDES DA CUNHA - FEC, GROUP OF SPONSORS'),('1850','Global Environment and Technology Foundation , GLOBAL ENVIRONMENT AND TECHNOLOGY FOUNDATION'),('2152','Global Green Growth Institute, PM OF THE REP. OF KOREA TO THE UN'),('1903','Governing Council of the University of Toronto'),('1749','GROUP OF SPONSORS'),('1989','GROUP OF SPONSORS'),('2074','GROUP OF SPONSORS'),('2079','GROUP OF SPONSORS'),('2135','GROUP OF SPONSORS'),('2178','GROUP OF SPONSORS'),('2179','GROUP OF SPONSORS'),('2182','GROUP OF SPONSORS'),('2316','GROUP OF SPONSORS'),('2317','GROUP OF SPONSORS'),('2365','GUADALAJARA, , GOBIERNO DEL ESTADO DE JALISCO MEXICO'),('2081','Humble Bundle, Mojang AB, PM of Sweden to the United Nations, Swedish International Development Cooperation Agency (SIDA) , , HUMBLE BUNDLE, MOJANG AB, PM OF SWEDEN TO THE UNITED NATIONS'),('1770','IBRD HQ (Washington)'),('1947','IBRD/World Bank'),('1958','IBRD/World Bank'),('1759','IBRD/World Bank, , WORLD BANK-HQ'),('2070','IBRD/World Bank, , WORLD BANK-HQ'),('2072','IBRD/World Bank, , WORLD BANK-HQ'),('2327','IBRD/World Bank, , WORLD BANK-HQ'),('2474','IBRD/World Bank, , WORLD BANK-HQ'),('2349','IBRD/World Bank, , WORLD BANK-HQ, WORLD BANK-HQ'),('1858','IBRD/World Bank, WORLD BANK-HQ'),('1862','IBRD/World Bank, WORLD BANK-HQ'),('2424','IBRD/World Bank, WORLD BANK-HQ'),('2090','IBRD/World Bank, WORLD BANK-HQ, WORLD BANK-HQ'),('2311','ICBF, GROUP OF SPONSORS, WORLD BANK-HQ'),('2408','IFAD - Headquarters - Italy, IFAD-HQ INTERNATIONAL FUND FOR AGRICULTURE DEVEL'),('2498','IFAD , , GROUP OF SPONSORS, IFAD-HQ INTERNATIONAL FUND FOR AGRICULTURE DEVEL'),('2552','IFAD , , IFAD-HQ INTERNATIONAL FUND FOR AGRICULTURE DEVEL'),('2483','IFAD , UN Women\'s Guild , , GROUP OF SPONSORS, IFAD-HQ INTERNATIONAL FUND FOR AGRICULTURE DEVEL, SWISS AGENCY FOR DEVELOPMENT AND COOPERATION SDC, UN WOMEN-HQ'),('1764','Instituto Pereira Passos/Prefeitura da Cidade do Rio de Janeiro , , INSTITUTO PEREIRA PASSOS PREFEITURA DA CIDADE DO RIO DE JANEIRO'),('2389','International Ecological Safety Cooperative Organisation (IESCO), , International Eco-Safety Cooperative Organization - IESCO Beijing'),('1859','International Fund for Agricultural Development'),('2078','IOM - Switzerland , UNDP-NEPAL'),('2379','ISVIMED, , GROUP OF SPONSORS, INSTITUTO SOCIAL DE VIVIENDA Y HABITAT DE MEDELLIN - ISVIMED, UNDP-COLOMBIA'),('1796','Japan Water Forum'),('2247','KSPKBLSC01.12-JICA, KSPKBLSC01.12-JICA'),('2401','KSPKBLSC01.12-JICA, KSPKBLSC01.12-JICA'),('1689','Kunshan Housing and Urban Rural Development Bureau, KUNSHAN HOUSING AND URBAN RURAL DEVELOPMENT BUREAU'),('2580','Malteser International, , MALTESER INTERNATIONAL'),('2048','Ministry of Foreign Affairs of Norway , NORAD - Norway , PM of Sri Lanka to the United Nations, , GROUP OF SPONSORS, NAROTAM SEKHSARIA FOUNDATION - NSF, PM OF NORWAY TO THE UNITED NATIONS'),('1898','Ministry of Foreign Affairs of Norway , PM of Norway to the United Nations, , MINISTRY OF FOREIGN AFFAIRS - NORWAY, PM OF NORWAY TO THE UNITED NATIONS'),('1944','Ministry of Foreign Affairs of Norway , PM of Norway to the United Nations, , MINISTRY OF FOREIGN AFFAIRS - NORWAY, PM OF NORWAY TO THE UNITED NATIONS'),('2000','Ministry of Foreign Affairs of Norway , PM of Norway to the United Nations, , PM OF NORWAY TO THE UNITED NATIONS'),('2064','Ministry of Foreign Affairs of Norway , PM of Norway to the United Nations, , PM OF NORWAY TO THE UNITED NATIONS'),('2128','MINISTRY OF FOREIGN AFFAIRS-ITALY, PM of Italy to the United Nations, , MINISTRY OF FOREIGN AFFAIRS - ITALY, PM OF ITALY TO THE UNITED NATIONS'),('2488','Mongol Diving LLC, MONGOL DIVING LLC'),('2024','MRRD Afghanistan, , MINISTRY OF RURAL REHABILITATION AND DEVELOPMENT - AFGHANISTAN'),('2126','MRRD Afghanistan, , MINISTRY OF RURAL REHABILITATION AND DEVELOPMENT - AFGHANISTAN'),('2330','MRRD Afghanistan, , MINISTRY OF RURAL REHABILITATION AND DEVELOPMENT - AFGHANISTAN'),('2397','Municipality of Medellin, MUNICIPALITY OF MEDELLIN'),('1904','NORAD - Norway , NSF, PM of Norway to the United Nations, PM of Sri Lanka to the United Nations, , GROUP OF SPONSORS, MINISTRY OF FOREIGN AFFAIRS - NORWAY, PM OF NORWAY TO THE UNITED NATIONS'),('1702','Office for the Coordination of Humanitarian Affairs (OCHA)'),('2392','Ondo State Government, , ONDO STATE GOVERNMENT - OFFICE OF THE GOVERNOR'),('2342','OPEC fund for International Development , , OPEC FUND FOR INTERNATIONAL DEVELOPMENT'),('1794','Organization International de la Francophonie , Politecnico Di Milano , UNEP/GEF Secretariat - Kenya, , UNEP GEF SECRETARIAT - KENYA - INTERNAL UMOJA USE'),('2258','Plan International , PLAN INTERNATIONAL - KENYA'),('2198','PM of Afghanistan to the United Nations, PM OF AFGHANISTAN TO THE UNITED NATIONS'),('1688','PM of Algeria to the United Nations, PM of Kenya to the United Nations, PM of Mali to the United Nations , PM of Nigeria to the United Nations, PM of Tanzania to the United Nations, PM of Togo to the '),('2477','PM of Belgium to the United Nations, PM OF BELGIUM TO THE UNITED NATIONS'),('2329','PM of Brazil to the United Nations , , PM OF BRAZIL TO THE UNITED NATIONS'),('2213','PM of Brazil to the United Nations , MINISTERIO DAS CIDADES - BRASIL MCIDADES'),('1943','PM of Brazil to the United Nations , PM OF BRAZIL TO THE UNITED NATIONS'),('2351','PM of Colombia to the United Nations, UNDP Res Rep Colombia, , GROUP OF SPONSORS, MUNICIPIO DE MANIZALES'),('1682','PM of Denmark to the United Nations , , PM OF DENMARK TO THE UNITED NATIONS'),('1768','PM of Egypt to the United Nations, PM OF THE ARAB REP. OF EGYPT TO THE UN'),('2356','PM of France to the United Nations, , PM OF FRANCE TO THE UNITED NATIONS'),('1781','PM of Haiti to the United Nations , UNDG HRF, , MINUSTAH - INTERNAL UMOJA USE, UN DEVELOPMENT GROUP - HAITI RECONSTRUCT FLAGGED FOR ARCHIVING'),('2077','PM of India to the United Nations, , PM OF INDIA TO THE UNITED NATIONS'),('1968','PM of Iraq to the United Nations, PM OF IRAQ TO THE UNITED NATIONS'),('2560','PM of Iraq to the United Nations, PM OF IRAQ TO THE UNITED NATIONS'),('2561','PM of Iraq to the United Nations, PM OF IRAQ TO THE UNITED NATIONS'),('1683','PM of Japan to the United Nations'),('1699','PM of Japan to the United Nations'),('1700','PM of Japan to the United Nations'),('1881','PM of Japan to the United Nations'),('2080','PM of Japan to the United Nations, , FUKUOKA INTERNATIONAL EXCHANGE FOUNDATION - FIEF'),('1900','PM of Japan to the United Nations, , PM OF JAPAN TO THE UNITED NATIONS'),('2226','PM of Japan to the United Nations, , PM OF JAPAN TO THE UNITED NATIONS'),('2295','PM of Japan to the United Nations, , PM OF JAPAN TO THE UNITED NATIONS'),('2297','PM of Japan to the United Nations, , PM OF JAPAN TO THE UNITED NATIONS'),('2325','PM of Japan to the United Nations, , PM OF JAPAN TO THE UNITED NATIONS'),('2337','PM of Japan to the United Nations, , PM OF JAPAN TO THE UNITED NATIONS'),('2338','PM of Japan to the United Nations, , PM OF JAPAN TO THE UNITED NATIONS'),('2558','PM of Japan to the United Nations, , PM OF JAPAN TO THE UNITED NATIONS'),('2570','PM of Japan to the United Nations, , PM OF JAPAN TO THE UNITED NATIONS'),('2571','PM of Japan to the United Nations, , PM OF JAPAN TO THE UNITED NATIONS'),('1693','PM of Japan to the United Nations, , PM OF JAPAN TO THE UNITED NATIONS, GOVERNMENT OF JAPAN'),('1901','PM of Japan to the United Nations, , PM OF JAPAN TO THE UNITED NATIONS, PM OF NORWAY TO THE UNITED NATIONS, GOVERNMENT OF JAPAN'),('1684','PM of Japan to the United Nations, PM OF JAPAN TO THE UNITED NATIONS'),('1691','PM of Japan to the United Nations, PM OF JAPAN TO THE UNITED NATIONS'),('1879','PM of Japan to the United Nations, PM OF JAPAN TO THE UNITED NATIONS'),('1880','PM of Japan to the United Nations, PM OF JAPAN TO THE UNITED NATIONS'),('1905','PM of Japan to the United Nations, PM OF JAPAN TO THE UNITED NATIONS'),('2125','PM of Japan to the United Nations, PM OF JAPAN TO THE UNITED NATIONS'),('2447','PM of Japan to the United Nations, PM OF JAPAN TO THE UNITED NATIONS'),('2529','PM of Japan to the United Nations, PM OF JAPAN TO THE UNITED NATIONS'),('2538','PM of Japan to the United Nations, PM OF JAPAN TO THE UNITED NATIONS'),('2605','PM of Japan to the United Nations, PM OF JAPAN TO THE UNITED NATIONS'),('2562','PM of Japan to the United Nations, PM OF JAPAN TO THE UNITED NATIONS, PM OF JAPAN TO THE UNITED NATIONS'),('2084','PM of Morocco to the United Nations, , PM OF THE KINGDOM OF MOROCCO TO THE UN'),('2334','PM of Nigeria to the United Nations'),('2043','PM of Nigeria to the United Nations, PM OF NIGERIA TO THE UNITED NATIONS'),('2294','PM of Nigeria to the United Nations, PM OF NIGERIA TO THE UNITED NATIONS'),('1674','PM of Norway to the United Nations'),('1998','PM of Norway to the United Nations'),('2007','PM of Norway to the United Nations'),('2089','PM of Norway to the United Nations'),('2093','PM of Norway to the United Nations'),('2096','PM of Norway to the United Nations'),('2192','PM of Norway to the United Nations'),('2194','PM of Norway to the United Nations'),('1914','PM of Norway to the United Nations, , MINISTRY OF FOREIGN AFFAIRS - NORWAY, PM OF NORWAY TO THE UNITED NATIONS'),('2186','PM of Norway to the United Nations, , PM OF NORWAY TO THE UNITED NATIONS'),('1681','PM of Norway to the United Nations, PM OF NORWAY TO THE UNITED NATIONS'),('1704','PM of Norway to the United Nations, PM OF NORWAY TO THE UNITED NATIONS'),('1915','PM of Norway to the United Nations, PM OF NORWAY TO THE UNITED NATIONS'),('1931','PM of Norway to the United Nations, PM OF NORWAY TO THE UNITED NATIONS'),('1985','PM of Norway to the United Nations, PM OF NORWAY TO THE UNITED NATIONS'),('2004','PM of Norway to the United Nations, PM OF NORWAY TO THE UNITED NATIONS'),('2461','PM of Norway to the United Nations, PM OF NORWAY TO THE UNITED NATIONS'),('2065','PM of Norway to the United Nations, PM OF NORWAY TO THE UNITED NATIONS, Government of Norway/ Oslo'),('2195','PM of Norway to the United Nations, PM of Sweden to the United Nations, Swedish International Development Cooperation Agency (SIDA)'),('2009','PM of Norway to the United Nations, PM of Sweden to the United Nations, Swedish International Development Cooperation Agency (SIDA) , , PM OF SWEDEN TO THE UNITED NATIONS'),('2083','PM of Norway to the United Nations, Swedish International Development Cooperation Agency (SIDA) , PM OF SWEDEN TO THE UNITED NATIONS'),('2010','PM of Norway to the United Nations, United Nations Office for Project Services (UNOPS) , , PM OF NORWAY TO THE UNITED NATIONS, UNOPS-HQ UN OFFICE FOR PROJECT SERVICES, WORLD BANK-HQ'),('1897','PM of Rep. of Korea to the United Nations, , PM OF THE REP. OF KOREA TO THE UN'),('2249','PM of Rwanda to the United Nations, , PM OF SPAIN TO THE UNITED NATIONS, PM OF THE REPUBLIC OF RWANDA TO THE UN, PM OF SPAIN TO THE UNITED NATIONS'),('2541','PM of Saudi Arabia to the United Nations, PM OF SAUDI ARABIA TO THE UNITED NATIONS, PM OF SAUDI ARABIA TO THE UNITED NA, PM OF SAUDI ARABIA TO THE UNITED NATIONS'),('1720','PM of Slovenia to the United Nations , PM OF THE REPUBLIC OF SLOVENIA TO THE UN'),('1956','PM of South Africa to the United Nations, PM of Sweden to the United Nations, Swedish International Development Cooperation Agency (SIDA) , , PM OF SWEDEN TO THE UNITED NATIONS'),('1924','PM of Spain to the United Nations'),('1925','PM of Spain to the United Nations'),('1926','PM of Spain to the United Nations'),('2184','PM of Spain to the United Nations'),('2377','PM of Spain to the United Nations, , ALCALDIA SANTA MARTA ALCALDIA SANTA MARTA COLOMBIA, PM OF SPAIN TO THE UNITED NATIONS'),('1799','PM of Spain to the United Nations, , PM OF SPAIN TO THE UNITED NATIONS'),('2011','PM of Spain to the United Nations, , PM OF SPAIN TO THE UNITED NATIONS'),('2326','PM of Spain to the United Nations, , PM OF SPAIN TO THE UNITED NATIONS'),('2432','PM of Spain to the United Nations, , PM OF SPAIN TO THE UNITED NATIONS'),('2439','PM of Spain to the United Nations, , PM OF SPAIN TO THE UNITED NATIONS'),('2312','PM of Spain to the United Nations, PM OF SPAIN TO THE UNITED NATIONS'),('2193','PM of Spain to the United Nations, S.D.D.E, , PM OF SPAIN TO THE UNITED NATIONS, SECRETARIA DISTRITAL DE DESARROLLO ECONOMICO - SDDE'),('1755','PM of Spain to the United Nations, UNDP MPTF (Multi-Partner Trust Fund)'),('2008','PM of Sweden to the United Nations'),('2154','PM of Sweden to the United Nations, , GROUP OF SPONSORS, PM OF SWEDEN TO THE UNITED NATIONS'),('1999','PM of Sweden to the United Nations, Swedish International Development Cooperation Agency (SIDA)'),('2087','PM of Sweden to the United Nations, Swedish International Development Cooperation Agency (SIDA)'),('2336','PM of Sweden to the United Nations, Swedish International Development Cooperation Agency (SIDA)'),('1932','PM of Sweden to the United Nations, Swedish International Development Cooperation Agency (SIDA) , , GROUP OF SPONSORS'),('1933','PM of Sweden to the United Nations, Swedish International Development Cooperation Agency (SIDA) , , PM OF SWEDEN TO THE UNITED NATIONS'),('1986','PM of Sweden to the United Nations, Swedish International Development Cooperation Agency (SIDA) , , PM OF SWEDEN TO THE UNITED NATIONS'),('2012','PM of Sweden to the United Nations, Swedish International Development Cooperation Agency (SIDA) , , PM OF SWEDEN TO THE UNITED NATIONS'),('2617','PM of Sweden to the United Nations, Swedish International Development Cooperation Agency (SIDA) , , PM OF SWEDEN TO THE UNITED NATIONS'),('2596','PM of Sweden to the United Nations, Swedish International Development Cooperation Agency (SIDA) , GROUP OF SPONSORS'),('2331','PM of Sweden to the United Nations, Swedish International Development Cooperation Agency (SIDA) , PM OF SWEDEN TO THE UNITED NATIONS'),('2510','PM of the United States to the United Nations'),('1787','PM of the United States to the United Nations, PM OF THE UNITED STATES TO THE UN'),('1795','SAERG'),('2526','SWEDISH INTERNATIONAL DEVELOPMENT COOPERATION AGENCY - SIDA'),('1732','Swedish International Development Cooperation Agency (SIDA)'),('1733','Swedish International Development Cooperation Agency (SIDA)'),('1735','Swedish International Development Cooperation Agency (SIDA)'),('1788','Swedish International Development Cooperation Agency (SIDA)'),('1789','Swedish International Development Cooperation Agency (SIDA)'),('1790','Swedish International Development Cooperation Agency (SIDA)'),('1997','Swedish International Development Cooperation Agency (SIDA)'),('2013','Swedish International Development Cooperation Agency (SIDA)'),('2014','Swedish International Development Cooperation Agency (SIDA)'),('2015','Swedish International Development Cooperation Agency (SIDA)'),('2601','Swedish International Development Cooperation Agency (SIDA)'),('1687','Swedish International Development Cooperation Agency (SIDA) , , SWEDISH INTERNATIONAL DEVELOPMENT COOPERATION AGENCY - SIDA'),('1778','Swedish International Development Cooperation Agency (SIDA) , , SWEDISH INTERNATIONAL DEVELOPMENT COOPERATION AGENCY - SIDA'),('2521','Swedish International Development Cooperation Agency (SIDA) , , SWEDISH INTERNATIONAL DEVELOPMENT COOPERATION AGENCY - SIDA'),('1786','Swedish International Development Cooperation Agency (SIDA) , SWEDISH INTERNATIONAL DEVELOPMENT COOPERATION AGENCY - SIDA, UNDP-HQ'),('1756','Swedish International Development Cooperation Agency (SIDA) , UNHCR - HQ , UNHCR-HQ'),('2440','Swiss Agency for Development and Cooperation (SDC) , , SWISS AGENCY FOR DEVELOPMENT AND COOPERATION SDC'),('2016','The Ford Foundation'),('2257','The Ford Foundation , FORD FOUNDATION - NEW YORK'),('2428','THE GRAND KOREAN LEISURE COMPANY, , GRAND KOREAN LEISURE COMPANY GKL'),('1861','Uganda Women\'s Land Access Trust (ULWAT) , , PM OF NORWAY TO THE UNITED NATIONS'),('2506','Ulaanbaatar City Government, CITY OF ULAANBAATAR GOVERNMENT'),('2603','UN Headquarters (UNHQ)'),('2513','UNAIDS - Switzerland , , UNAIDS-HQ'),('1801','UNDAP of Tanzania, , UNDAP OF TANZANIA'),('2545','UNDP - Headquarters, , UNDP-HQ'),('2374','UNDP (SO), , GROUP OF SPONSORS, UNDP MPTF (Multi-Partner Trust Fund), UNDP-SOMALIA'),('2593','UNDP (SO), UNDP Multi Donor Trust Fund Office, , GROUP OF SPONSORS, UNDP MPTF (Multi-Partner Trust Fund), UNDP-SOMALIA'),('2369','UNDP (SO), UNDP Multi Donor Trust Fund Office, , UNDP MPTF (Multi-Partner Trust Fund)'),('2372','UNDP (SO), UNDP Multi Donor Trust Fund Office, , UNDP MPTF (Multi-Partner Trust Fund)'),('2373','UNDP (SO), UNDP Multi Donor Trust Fund Office, , UNDP MPTF (Multi-Partner Trust Fund)'),('2511','UNDP (SO), UNDP Multi Donor Trust Fund Office, , UNDP MPTF (Multi-Partner Trust Fund)'),('1851','UNDP Bureau for Development Policy/ Energy Group, UNDP-LAO PEOPLE\'S DEMOCRATIC REPUBLIC'),('2621','UNDP Multi Donor Trust Fund Office, , GROUP OF SPONSORS'),('2155','UNDP Multi Donor Trust Fund Office, , UNDP MPTF (Multi-Partner Trust Fund)'),('2156','UNDP Multi Donor Trust Fund Office, , UNDP MPTF (Multi-Partner Trust Fund)'),('2180','UNDP Multi Donor Trust Fund Office, , UNDP MPTF (Multi-Partner Trust Fund)'),('2354','UNDP Multi Donor Trust Fund Office, , UNDP MPTF (Multi-Partner Trust Fund)'),('2388','UNDP Multi Donor Trust Fund Office, , UNDP MPTF (Multi-Partner Trust Fund)'),('2413','UNDP Multi Donor Trust Fund Office, , UNDP MPTF (Multi-Partner Trust Fund)'),('2470','UNDP Multi Donor Trust Fund Office, , UNDP MPTF (Multi-Partner Trust Fund)'),('2553','UNDP Multi Donor Trust Fund Office, , UNDP MPTF (Multi-Partner Trust Fund)'),('2023','UNDP Multi Donor Trust Fund Office, UNDP MPTF (Multi-Partner Trust Fund)'),('2062','UNDP Multi Donor Trust Fund Office, UNDP MPTF (Multi-Partner Trust Fund)'),('2407','UNDP Multi Donor Trust Fund Office, UNDP MPTF (Multi-Partner Trust Fund)'),('2527','UNDP Multi Donor Trust Fund Office, UNDP MPTF (Multi-Partner Trust Fund)'),('1913','UNDP Multi Donor Trust Fund Office, UNDP MPTF (Multi-Partner Trust Fund), SWISS AGENCY FOR DEVELOPMENT AND, SWISS AGENCY FOR DEVELOPMENT AND COOPERATION SDC'),('2191','UNDP Multi Donor Trust Fund Office, UNDP-HQ'),('2484','UNDP Multi Donor Trust Fund Office, UNDP-HQ'),('2610','UNDP Res Rep Chad, GROUP OF SPONSORS, UNDP-CHAD'),('2550','UNDP Res Rep Chad, UNDP-CHAD'),('2437','UNDP Res Rep Colombia, , INSTITUTO SOCIAL DE VIVIENDA Y HABITAT DE MEDELLIN - ISVIMED'),('2557','UNDP Res Rep Colombia, AREA MET DEL VALLE DE ABURRA AMVA'),('2151','UNDP Res Rep Fiji , UNDP-FIJI'),('1878','UNDP Res Rep Gabon , GROUP OF SPONSORS, UNDP-GABON'),('1779','UNDP Res Rep Haiti , , GROUP OF SPONSORS'),('1707','UNDP Res Rep Haiti , UNDP-HAITI'),('2129','UNDP Res Rep Iraq - Amman Office, , UNDP-IRAQ'),('2250','UNDP Res Rep Jordan , UNDP-JORDAN'),('2602','UNDP Res Rep Jordan , UNDP-JORDAN'),('1863','UNDP Res Rep Liberia, , UNDP-LIBERIA'),('2085','UNDP Res Rep Liberia, UNDP-LIBERIA'),('2183','UNDP Res Rep Madagascar , UNDP-HQ'),('1773','UNDP Res Rep Myanmar, UNDP-MYANMAR'),('2293','UNDP Res Rep Pakistan, UNDP-PAKISTAN'),('2589','UNDP Res Rep Zambia , , UNDP-ZAMBIA'),('1758','UNEP/GEF Secretariat - Kenya, , GROUP OF SPONSORS, UNEP - INTERNAL UMOJA USE'),('1696','UNESCO Islamabad'),('2382','UNESCO-IHE Institute for Water Education , , UNESCO-INSTITUTE FOR WATER EDUCATION IHE'),('1717','UNFPA , , GROUP OF SPONSORS, UNFPA-KENYA'),('1703','UNFPA Pakistan , UNFPA-PAKISTAN'),('2394','UNHCR - HQ , , UNHCR-HQ'),('2414','UNHCR - HQ , UNHCR-HQ'),('2462','UNHCR - HQ , UNHCR-HQ'),('2501','UNHCR - HQ , UNHCR-HQ'),('2578','UNHCR , , UNHCR-HQ, UNHCR-HQ'),('2403','UNHCR , UNHCR - HQ , GROUP OF SPONSORS, UNHCR-HQ, UNHCR-PAKISTAN'),('1774','UNHCR , UNHCR-PAKISTAN'),('2559','UNHCR , UNHCR-SUDAN UNITED NATIONS HIGH COMMISSIONER FOR'),('1979','UNHCR SUDAN'),('2579','UNHCR/UNBRO -Switzerland , , UNHCR-HQ, UNHCR-HQ'),('2502','UNICEF - Lebanon , , UNICEF-LEBANON'),('2082','UNICEF - Lebanon , UNICEF-LEBANON'),('1767','UNICEF - Madagascar , UNTFHS, , UN TRUST FUND FOR HUMAN SECURITY'),('2516','UNICEF - Pakistan, UNICEF-PAKISTAN'),('2607','UNICEF - Philippines , , UNICEF-PHILIPPINES'),('1784','UNIPV, , UNIVERSITY OF PAVIA - DEPARMENT OF ELECTRONICS - UNIPV'),('1777','UNISDR'),('2140','UNISDR, UN OFFICE FOR DISASTER RISK REDUCTION UNDRR'),('2400','United Nations Children\'s Fund Somalia Country Office - UNICEF (SoCo), , UNICEF-SOMALIA'),('2375','United Nations Children\'s Fund Somalia Country Office - UNICEF (SoCo), UNICEF-SOMALIA'),('2352','United Nations Development Programme (UNDP) , UNDP-SUDAN'),('2157','United Nations Economic Commission for Africa (UNECA), , UNITED NATIONS ECONOMIC COMMISSION FOR AFRICA - ECA - INTERNAL UMOJA USE'),('1762','United Nations Environment Programme (UNEP)'),('1751','United Nations Fund for International Partnership (UNFIP)'),('1775','United Nations General Trust Fund'),('1776','United Nations General Trust Fund'),('1941','United Nations General Trust Fund'),('2433','United Nations General Trust Fund, , UNITED NATIONS GENERAL TRUST FUND INTERNAL UMOJA USE'),('2573','United Nations General Trust Fund, , UNITED NATIONS GENERAL TRUST FUND INTERNAL UMOJA USE'),('2588','United Nations General Trust Fund, , UNITED NATIONS GENERAL TRUST FUND INTERNAL UMOJA USE'),('2108','United Nations General Trust Fund, UNITED NATIONS GENERAL TRUST FUND INTERNAL UMOJA USE'),('2131','United Nations General Trust Fund, UNITED NATIONS GENERAL TRUST FUND INTERNAL UMOJA USE'),('2340','United Nations General Trust Fund, UNITED NATIONS GENERAL TRUST FUND INTERNAL UMOJA USE'),('2423','United Nations General Trust Fund, UNITED NATIONS GENERAL TRUST FUND INTERNAL UMOJA USE'),('2463','United Nations General Trust Fund, UNITED NATIONS GENERAL TRUST FUND INTERNAL UMOJA USE'),('2465','United Nations General Trust Fund, UNITED NATIONS GENERAL TRUST FUND INTERNAL UMOJA USE'),('1769','United Nations High Commission for Refugees Somalia Branch Office - UNCHR (SoCo), UNHCR-SOMALIA'),('2537','United Nations High Commission for Refuges (UNHCR)'),('2143','United Nations Office for Project Services (UNOPS) , , UNOPS-UAE'),('2061','United Nations Office for the Coordination of Humanitarian Affairs -(OCHA) , UNOCHA - GENEVA - INTERNAL UMOJA USE'),('2405','UNMISS, , UNMISS - INTERNAL UMOJA USE'),('2055','UNMISS, UNMISS - INTERNAL UMOJA USE'),('1996','UNOCHA - Somalia (SO), , UNOCHA - SOMALIA SO - INTERNAL UMOJA USE, UNDP-SOMALIA'),('2122','UNOCHA - Somalia (SO), UNOCHA - SOMALIA SO - INTERNAL UMOJA USE'),('1761','UNOPS - Switzerland , , UNOPS-SWITZERLAND'),('2531','UNOPS - Switzerland , , UNOPS-SWITZERLAND, UNOPS-SWITZERLAND'),('2472','USAID'),('1984','USAID, , USAID - WASHINGTON US AGENCY FOR INTERNATIONAL DEVELOPMENT'),('2251','USAID, , USAID - WASHINGTON US AGENCY FOR INTERNATIONAL DEVELOPMENT'),('1690','USAID, USAID - WASHINGTON US AGENCY FOR INTERNATIONAL DEVELOPMENT'),('1772','USAID, USAID - WASHINGTON US AGENCY FOR INTERNATIONAL DEVELOPMENT'),('2431','USAID, USAID - WASHINGTON US AGENCY FOR INTERNATIONAL DEVELOPMENT'),('2471','USAID, USAID - WASHINGTON US AGENCY FOR INTERNATIONAL DEVELOPMENT'),('2141','WFP, WFP-DUBAI WORLD FOOD PROGRAMME'),('1803','World Health Organization Sudan Office - WHO (SuO) , WHO-SUDAN'),('2350','Wuppertal Institut Fur Klima/ Umwelt/ Energie GMBH, WUPPERTAL INSTITUT FUR KLIMA/ UMWELT ENERGIE GMBH'),('2067','Zapopan, MUNICIPAL GOVERNMENT OF ZAPOPAN');
/*!40000 ALTER TABLE `project_donors` ENABLE KEYS */;
UNLOCK TABLES;

--
-- Table structure for table `project_themes`
--

DROP TABLE IF EXISTS `project_themes`;
/*!40101 SET @saved_cs_client     = @@character_set_client */;
/*!50503 SET character_set_client = utf8mb4 */;
CREATE TABLE `project_themes` (
  `ProjectID` varchar(50) NOT NULL,
  `ThemeName` varchar(100) NOT NULL,
  PRIMARY KEY (`ProjectID`,`ThemeName`),
  KEY `ThemeName` (`ThemeName`),
  CONSTRAINT `project_themes_ibfk_1` FOREIGN KEY (`ProjectID`) REFERENCES `projects` (`ProjectID`) ON DELETE CASCADE,
  CONSTRAINT `project_themes_ibfk_2` FOREIGN KEY (`ThemeName`) REFERENCES `themes` (`ThemeName`) ON DELETE CASCADE
) ENGINE=InnoDB DEFAULT CHARSET=utf8mb4 COLLATE=utf8mb4_0900_ai_ci;
/*!40101 SET character_set_client = @saved_cs_client */;

--
-- Dumping data for table `project_themes`
--

LOCK TABLES `project_themes` WRITE;
/*!40000 ALTER TABLE `project_themes` DISABLE KEYS */;
INSERT INTO `project_themes` VALUES ('1667','Advocacy'),('2016','Advocacy'),('2017','Advocacy'),('2230','Advocacy'),('2997','Advocacy'),('3001','Advocacy'),('2052','Advocacy, Housing and Slum Upgrading, Research and Capacity Development , Risk Reduction and Rehabil'),('2418','Advocacy, Housing and Slum Upgrading, Urban Planning and Design'),('2517','Advocacy, Housing and Slum Upgrading, Urban Planning and Design'),('2294','Advocacy, Research and Capacity Development'),('2334','Advocacy, Research and Capacity Development'),('2397','Advocacy, Research and Capacity Development'),('2617','Advocacy, Research and Capacity Development'),('2065','Advocacy, Urban Basic Services, Urban Planning and Design'),('2350','Advocacy, Urban Basic Services, Urban Planning and Design'),('3000','Advocacy, Urban Basic Services, Urban Planning and Design'),('2064','Cross Cutting'),('2238','Cross Cutting'),('2257','Cross Cutting'),('2560','Cross Cutting'),('2258','Cross Cutting, Housing and Slum Upgrading, Knowledge Management, Urban Economy, Urban Planning and D'),('2558','Cross Cutting, Housing and Slum Upgrading, Risk Reduction and Rehabilitation'),('2433','Cross Cutting, Housing and Slum Upgrading, Urban Basic Services, Urban Economy'),('2250','Cross Cutting, Housing and Slum Upgrading, Urban Land, Legislation & Governance'),('1979','Cross Cutting, Housing and Slum Upgrading, Urban Planning and Design'),('2609','Cross Cutting, Knowledge Management, Research and Capacity Development , Urban Planning and Design'),('2541','Cross Cutting, Research and Capacity Development , Urban Land, Legislation & Governance, Urban Plann'),('2602','Cross Cutting, Research and Capacity Development , Urban Planning and Design'),('2087','Evaluation'),('2192','Evaluation'),('2596','Evaluation'),('1861','External Relations'),('1932','External Relations'),('2081','External Relations'),('2083','External Relations'),('2217','External Relations'),('2219','External Relations'),('2220','External Relations'),('2221','External Relations'),('2222','External Relations'),('2223','External Relations'),('2224','External Relations'),('2600','External Relations'),('2601','External Relations'),('1866','External Relations, Resource Mobilization, Urban Land, Legislation & Governance, Urban Planning and '),('1688','Housing and Slum Upgrading'),('1691','Housing and Slum Upgrading'),('1704','Housing and Slum Upgrading'),('1711','Housing and Slum Upgrading'),('1769','Housing and Slum Upgrading'),('1770','Housing and Slum Upgrading'),('1782','Housing and Slum Upgrading'),('1858','Housing and Slum Upgrading'),('1877','Housing and Slum Upgrading'),('1878','Housing and Slum Upgrading'),('1901','Housing and Slum Upgrading'),('1902','Housing and Slum Upgrading'),('1968','Housing and Slum Upgrading'),('1994','Housing and Slum Upgrading'),('2076','Housing and Slum Upgrading'),('2131','Housing and Slum Upgrading'),('2189','Housing and Slum Upgrading'),('2198','Housing and Slum Upgrading'),('2232','Housing and Slum Upgrading'),('2293','Housing and Slum Upgrading'),('2488','Housing and Slum Upgrading'),('2928','Housing and Slum Upgrading'),('2474','Housing and Slum Upgrading, Research and Capacity Development'),('2472','Housing and Slum Upgrading, Research and Capacity Development , Urban Basic Services, Urban Planning'),('2531','Housing and Slum Upgrading, Research and Capacity Development , Urban Planning and Design'),('2068','Housing and Slum Upgrading, Risk Reduction and Rehabilitation'),('2226','Housing and Slum Upgrading, Risk Reduction and Rehabilitation'),('2537','Housing and Slum Upgrading, Risk Reduction and Rehabilitation'),('2394','Housing and Slum Upgrading, Risk Reduction and Rehabilitation, Urban Basic Services'),('2502','Housing and Slum Upgrading, Risk Reduction and Rehabilitation, Urban Basic Services'),('2516','Housing and Slum Upgrading, Risk Reduction and Rehabilitation, Urban Basic Services'),('2578','Housing and Slum Upgrading, Risk Reduction and Rehabilitation, Urban Basic Services'),('2579','Housing and Slum Upgrading, Risk Reduction and Rehabilitation, Urban Basic Services'),('2973','Housing and Slum Upgrading, Risk Reduction and Rehabilitation, Urban Basic Services'),('2155','Housing and Slum Upgrading, Risk Reduction and Rehabilitation, Urban Land, Legislation & Governance'),('2191','Housing and Slum Upgrading, Risk Reduction and Rehabilitation, Urban Land, Legislation & Governance'),('2388','Housing and Slum Upgrading, Risk Reduction and Rehabilitation, Urban Land, Legislation & Governance'),('2322','Housing and Slum Upgrading, Risk Reduction and Rehabilitation, Urban Planning and Design'),('2589','Housing and Slum Upgrading, Risk Reduction and Rehabilitation, Urban Planning and Design'),('2375','Housing and Slum Upgrading, Urban Basic Services'),('2327','Housing and Slum Upgrading, Urban Basic Services, Urban Planning and Design'),('2999','Housing and Slum Upgrading, Urban Basic Services, Urban Planning and Design'),('2325','Housing and Slum Upgrading, Urban Economy, Urban Planning and Design'),('2297','Housing and Slum Upgrading, Urban Land, Legislation & Governance'),('2401','Housing and Slum Upgrading, Urban Land, Legislation & Governance'),('2550','Housing and Slum Upgrading, Urban Planning and Design'),('2610','Housing and Slum Upgrading, Urban Planning and Design'),('2326','Knowledge Management'),('2331','Knowledge Management'),('1666','Management'),('1674','Management'),('1731','Management'),('1732','Management'),('1733','Management'),('1734','Management'),('1735','Management'),('1757','Management'),('1768','Management'),('1788','Management'),('1789','Management'),('1790','Management'),('1869','Management'),('1870','Management'),('1871','Management'),('1872','Management'),('1874','Management'),('1875','Management'),('1876','Management'),('1998','Management'),('1999','Management'),('2080','Management'),('2093','Management'),('2096','Management'),('2098','Management'),('2184','Management'),('2194','Management'),('2195','Management'),('2227','Management'),('2231','Management'),('2237','Management'),('2244','Management'),('2245','Management'),('2290','Management'),('2509','Management'),('2510','Management'),('2615','Management'),('1737','Management old'),('1703','Research and Capacity Development'),('1755','Research and Capacity Development'),('1897','Research and Capacity Development'),('1898','Research and Capacity Development'),('1903','Research and Capacity Development'),('1915','Research and Capacity Development'),('2002','Research and Capacity Development'),('2007','Research and Capacity Development'),('2008','Research and Capacity Development'),('2009','Research and Capacity Development'),('2062','Research and Capacity Development'),('2079','Research and Capacity Development'),('2084','Research and Capacity Development'),('2156','Research and Capacity Development'),('2166','Research and Capacity Development'),('2167','Research and Capacity Development'),('2234','Research and Capacity Development'),('2240','Research and Capacity Development'),('2242','Research and Capacity Development'),('2346','Research and Capacity Development'),('2365','Research and Capacity Development'),('2367','Research and Capacity Development'),('2411','Research and Capacity Development'),('2513','Research and Capacity Development'),('2565','Research and Capacity Development'),('2613','Research and Capacity Development'),('2484','Research and Capacity Development , Risk Reduction and Rehabilitation, Urban Basic Services'),('2389','Research and Capacity Development , Risk Reduction and Rehabilitation, Urban Economy'),('1787','Research and Capacity Development , Risk Reduction and Rehabilitation, Urban Land, Legislation & Gov'),('2323','Research and Capacity Development , Risk Reduction and Rehabilitation, Urban Land, Legislation & Gov'),('2308','Research and Capacity Development , Urban Basic Services, Urban Economy, Urban Planning and Design'),('2154','Research and Capacity Development , Urban Basic Services, Urban Planning and Design'),('2441','Research and Capacity Development , Urban Basic Services, Urban Planning and Design'),('2524','Research and Capacity Development , Urban Basic Services, Urban Planning and Design'),('2525','Research and Capacity Development , Urban Basic Services, Urban Planning and Design'),('2526','Research and Capacity Development , Urban Basic Services, Urban Planning and Design'),('2534','Research and Capacity Development , Urban Basic Services, Urban Planning and Design'),('2143','Research and Capacity Development , Urban Economy, Urban Land, Legislation & Governance'),('2392','Research and Capacity Development , Urban Economy, Urban Land, Legislation & Governance'),('2424','Research and Capacity Development , Urban Land, Legislation & Governance'),('2316','Research and Capacity Development , Urban Planning and Design'),('2527','Research and Capacity Development , Urban Planning and Design'),('2604','Research and Capacity Development , Urban Planning and Design'),('2089','Resource Mobilization'),('1683','Risk Reduction and Rehabilitation'),('1684','Risk Reduction and Rehabilitation'),('1687','Risk Reduction and Rehabilitation'),('1690','Risk Reduction and Rehabilitation'),('1692','Risk Reduction and Rehabilitation'),('1693','Risk Reduction and Rehabilitation'),('1696','Risk Reduction and Rehabilitation'),('1699','Risk Reduction and Rehabilitation'),('1702','Risk Reduction and Rehabilitation'),('1705','Risk Reduction and Rehabilitation'),('1707','Risk Reduction and Rehabilitation'),('1709','Risk Reduction and Rehabilitation'),('1721','Risk Reduction and Rehabilitation'),('1756','Risk Reduction and Rehabilitation'),('1773','Risk Reduction and Rehabilitation'),('1774','Risk Reduction and Rehabilitation'),('1776','Risk Reduction and Rehabilitation'),('1779','Risk Reduction and Rehabilitation'),('1781','Risk Reduction and Rehabilitation'),('1784','Risk Reduction and Rehabilitation'),('1786','Risk Reduction and Rehabilitation'),('1804','Risk Reduction and Rehabilitation'),('1863','Risk Reduction and Rehabilitation'),('1879','Risk Reduction and Rehabilitation'),('1881','Risk Reduction and Rehabilitation'),('1900','Risk Reduction and Rehabilitation'),('1907','Risk Reduction and Rehabilitation'),('1931','Risk Reduction and Rehabilitation'),('1941','Risk Reduction and Rehabilitation'),('1945','Risk Reduction and Rehabilitation'),('1946','Risk Reduction and Rehabilitation'),('1957','Risk Reduction and Rehabilitation'),('1958','Risk Reduction and Rehabilitation'),('1989','Risk Reduction and Rehabilitation'),('1990','Risk Reduction and Rehabilitation'),('1996','Risk Reduction and Rehabilitation'),('2011','Risk Reduction and Rehabilitation'),('2023','Risk Reduction and Rehabilitation'),('2061','Risk Reduction and Rehabilitation'),('2069','Risk Reduction and Rehabilitation'),('2074','Risk Reduction and Rehabilitation'),('2075','Risk Reduction and Rehabilitation'),('2077','Risk Reduction and Rehabilitation'),('2078','Risk Reduction and Rehabilitation'),('2108','Risk Reduction and Rehabilitation'),('2113','Risk Reduction and Rehabilitation'),('2122','Risk Reduction and Rehabilitation'),('2125','Risk Reduction and Rehabilitation'),('2126','Risk Reduction and Rehabilitation'),('2128','Risk Reduction and Rehabilitation'),('2130','Risk Reduction and Rehabilitation'),('2138','Risk Reduction and Rehabilitation'),('2140','Risk Reduction and Rehabilitation'),('2162','Risk Reduction and Rehabilitation'),('2165','Risk Reduction and Rehabilitation'),('2179','Risk Reduction and Rehabilitation'),('2236','Risk Reduction and Rehabilitation'),('2247','Risk Reduction and Rehabilitation'),('2313','Risk Reduction and Rehabilitation'),('2330','Risk Reduction and Rehabilitation'),('2337','Risk Reduction and Rehabilitation'),('2338','Risk Reduction and Rehabilitation'),('2339','Risk Reduction and Rehabilitation'),('2340','Risk Reduction and Rehabilitation'),('2403','Risk Reduction and Rehabilitation'),('2414','Risk Reduction and Rehabilitation'),('2423','Risk Reduction and Rehabilitation'),('2429','Risk Reduction and Rehabilitation'),('2431','Risk Reduction and Rehabilitation'),('2440','Risk Reduction and Rehabilitation'),('2447','Risk Reduction and Rehabilitation'),('2462','Risk Reduction and Rehabilitation'),('2463','Risk Reduction and Rehabilitation'),('2501','Risk Reduction and Rehabilitation'),('2538','Risk Reduction and Rehabilitation'),('2562','Risk Reduction and Rehabilitation'),('2570','Risk Reduction and Rehabilitation'),('2571','Risk Reduction and Rehabilitation'),('2580','Risk Reduction and Rehabilitation'),('2583','Risk Reduction and Rehabilitation'),('2588','Risk Reduction and Rehabilitation'),('2605','Risk Reduction and Rehabilitation'),('2611','Risk Reduction and Rehabilitation'),('2465','Risk Reduction and Rehabilitation, Urban Basic Services'),('2529','Risk Reduction and Rehabilitation, Urban Basic Services'),('2559','Risk Reduction and Rehabilitation, Urban Basic Services'),('2573','Risk Reduction and Rehabilitation, Urban Basic Services'),('2127','Risk Reduction and Rehabilitation, Urban Basic Services, Urban Economy'),('2295','Risk Reduction and Rehabilitation, Urban Basic Services, Urban Economy'),('2504','Risk Reduction and Rehabilitation, Urban Economy'),('2407','Risk Reduction and Rehabilitation, Urban Land, Legislation & Governance'),('2413','Risk Reduction and Rehabilitation, Urban Land, Legislation & Governance'),('2471','Risk Reduction and Rehabilitation, Urban Land, Legislation & Governance'),('2185','Risk Reduction and Rehabilitation, Urban Planning and Design'),('2349','Risk Reduction and Rehabilitation, Urban Planning and Design'),('2362','Risk Reduction and Rehabilitation, Urban Planning and Design'),('2545','Risk Reduction and Rehabilitation, Urban Planning and Design'),('2607','Risk Reduction and Rehabilitation, Urban Planning and Design'),('1698','Urban Basic Services'),('1701','Urban Basic Services'),('1749','Urban Basic Services'),('1750','Urban Basic Services'),('1751','Urban Basic Services'),('1752','Urban Basic Services'),('1753','Urban Basic Services'),('1754','Urban Basic Services'),('1758','Urban Basic Services'),('1761','Urban Basic Services'),('1762','Urban Basic Services'),('1775','Urban Basic Services'),('1777','Urban Basic Services'),('1791','Urban Basic Services'),('1792','Urban Basic Services'),('1793','Urban Basic Services'),('1794','Urban Basic Services'),('1795','Urban Basic Services'),('1796','Urban Basic Services'),('1801','Urban Basic Services'),('1803','Urban Basic Services'),('1850','Urban Basic Services'),('1851','Urban Basic Services'),('1906','Urban Basic Services'),('1913','Urban Basic Services'),('1964','Urban Basic Services'),('1984','Urban Basic Services'),('1988','Urban Basic Services'),('2001','Urban Basic Services'),('2004','Urban Basic Services'),('2005','Urban Basic Services'),('2054','Urban Basic Services'),('2055','Urban Basic Services'),('2056','Urban Basic Services'),('2058','Urban Basic Services'),('2103','Urban Basic Services'),('2186','Urban Basic Services'),('2228','Urban Basic Services'),('2243','Urban Basic Services'),('2256','Urban Basic Services'),('2342','Urban Basic Services'),('2382','Urban Basic Services'),('2400','Urban Basic Services'),('2405','Urban Basic Services'),('2408','Urban Basic Services'),('2427','Urban Basic Services'),('2508','Urban Basic Services'),('2536','Urban Basic Services'),('2546','Urban Basic Services'),('2547','Urban Basic Services'),('2548','Urban Basic Services'),('2552','Urban Basic Services'),('2553','Urban Basic Services'),('2584','Urban Basic Services'),('1944','Urban Basic Services, Urban Economy, Urban Land, Legislation & Governance, Urban Planning and Design'),('2312','Urban Basic Services, Urban Economy, Urban Land, Legislation & Governance, Urban Planning and Design'),('2514','Urban Basic Services, Urban Economy, Urban Land, Legislation & Governance, Urban Planning and Design'),('1938','Urban Basic Services, Urban Economy, Urban Planning and Design'),('2152','Urban Basic Services, Urban Economy, Urban Planning and Design'),('2345','Urban Basic Services, Urban Economy, Urban Planning and Design'),('2369','Urban Basic Services, Urban Economy, Urban Planning and Design'),('2372','Urban Basic Services, Urban Economy, Urban Planning and Design'),('2373','Urban Basic Services, Urban Economy, Urban Planning and Design'),('2374','Urban Basic Services, Urban Economy, Urban Planning and Design'),('2439','Urban Basic Services, Urban Economy, Urban Planning and Design'),('2511','Urban Basic Services, Urban Economy, Urban Planning and Design'),('2585','Urban Basic Services, Urban Economy, Urban Planning and Design'),('2595','Urban Basic Services, Urban Economy, Urban Planning and Design'),('2621','Urban Basic Services, Urban Economy, Urban Planning and Design'),('2129','Urban Basic Services, Urban Land, Legislation & Governance'),('2180','Urban Basic Services, Urban Land, Legislation & Governance'),('2390','Urban Basic Services, Urban Land, Legislation & Governance'),('2434','Urban Basic Services, Urban Land, Legislation & Governance'),('2557','Urban Basic Services, Urban Planning and Design'),('1000','Urban Economy'),('1697','Urban Economy'),('1717','Urban Economy'),('1771','Urban Economy'),('1860','Urban Economy'),('1904','Urban Economy'),('1962','Urban Economy'),('1963','Urban Economy'),('2048','Urban Economy'),('2235','Urban Economy'),('2352','Urban Economy'),('2428','Urban Economy'),('2461','Urban Economy'),('2170','Urban Economy, Urban Land, Legislation & Governance, Urban Planning and Design'),('2249','Urban Economy, Urban Land, Legislation & Governance, Urban Planning and Design'),('2432','Urban Economy, Urban Land, Legislation & Governance, Urban Planning and Design'),('2437','Urban Economy, Urban Land, Legislation & Governance, Urban Planning and Design'),('2193','Urban Economy, Urban Planning and Design'),('2446','Urban Economy, Urban Planning and Design'),('1681','Urban Land, Legislation & Governance'),('1682','Urban Land, Legislation & Governance'),('1708','Urban Land, Legislation & Governance'),('1713','Urban Land, Legislation & Governance'),('1760','Urban Land, Legislation & Governance'),('1764','Urban Land, Legislation & Governance'),('1767','Urban Land, Legislation & Governance'),('1780','Urban Land, Legislation & Governance'),('1799','Urban Land, Legislation & Governance'),('1800','Urban Land, Legislation & Governance'),('1859','Urban Land, Legislation & Governance'),('1883','Urban Land, Legislation & Governance'),('1884','Urban Land, Legislation & Governance'),('1905','Urban Land, Legislation & Governance'),('1911','Urban Land, Legislation & Governance'),('1914','Urban Land, Legislation & Governance'),('1923','Urban Land, Legislation & Governance'),('1924','Urban Land, Legislation & Governance'),('1925','Urban Land, Legislation & Governance'),('1926','Urban Land, Legislation & Governance'),('1933','Urban Land, Legislation & Governance'),('1985','Urban Land, Legislation & Governance'),('1986','Urban Land, Legislation & Governance'),('1987','Urban Land, Legislation & Governance'),('2012','Urban Land, Legislation & Governance'),('2067','Urban Land, Legislation & Governance'),('2085','Urban Land, Legislation & Governance'),('2135','Urban Land, Legislation & Governance'),('2157','Urban Land, Legislation & Governance'),('2233','Urban Land, Legislation & Governance'),('2251','Urban Land, Legislation & Governance'),('2336','Urban Land, Legislation & Governance'),('2354','Urban Land, Legislation & Governance'),('2421','Urban Land, Legislation & Governance'),('2483','Urban Land, Legislation & Governance'),('2498','Urban Land, Legislation & Governance'),('2506','Urban Land, Legislation & Governance'),('2593','Urban Land, Legislation & Governance'),('2197','Urban Land, Legislation & Governance, Urban Planning and Design'),('2213','Urban Land, Legislation & Governance, Urban Planning and Design'),('2329','Urban Land, Legislation & Governance, Urban Planning and Design'),('2351','Urban Land, Legislation & Governance, Urban Planning and Design'),('2377','Urban Land, Legislation & Governance, Urban Planning and Design'),('2379','Urban Land, Legislation & Governance, Urban Planning and Design'),('2384','Urban Land, Legislation & Governance, Urban Planning and Design'),('2470','Urban Land, Legislation & Governance, Urban Planning and Design'),('2500','Urban Land, Legislation & Governance, Urban Planning and Design'),('2521','Urban Land, Legislation & Governance, Urban Planning and Design'),('1689','Urban Planning and Design'),('1700','Urban Planning and Design'),('1719','Urban Planning and Design'),('1720','Urban Planning and Design'),('1722','Urban Planning and Design'),('1759','Urban Planning and Design'),('1772','Urban Planning and Design'),('1778','Urban Planning and Design'),('1802','Urban Planning and Design'),('1862','Urban Planning and Design'),('1880','Urban Planning and Design'),('1912','Urban Planning and Design'),('1943','Urban Planning and Design'),('1947','Urban Planning and Design'),('1956','Urban Planning and Design'),('1997','Urban Planning and Design'),('2000','Urban Planning and Design'),('2010','Urban Planning and Design'),('2013','Urban Planning and Design'),('2014','Urban Planning and Design'),('2015','Urban Planning and Design'),('2024','Urban Planning and Design'),('2043','Urban Planning and Design'),('2070','Urban Planning and Design'),('2072','Urban Planning and Design'),('2082','Urban Planning and Design'),('2090','Urban Planning and Design'),('2123','Urban Planning and Design'),('2141','Urban Planning and Design'),('2151','Urban Planning and Design'),('2160','Urban Planning and Design'),('2178','Urban Planning and Design'),('2182','Urban Planning and Design'),('2183','Urban Planning and Design'),('2229','Urban Planning and Design'),('2311','Urban Planning and Design'),('2317','Urban Planning and Design'),('2318','Urban Planning and Design'),('2348','Urban Planning and Design'),('2356','Urban Planning and Design'),('2370','Urban Planning and Design'),('2445','Urban Planning and Design'),('2477','Urban Planning and Design'),('2532','Urban Planning and Design'),('2561','Urban Planning and Design'),('2603','Urban Planning and Design');
/*!40000 ALTER TABLE `project_themes` ENABLE KEYS */;
UNLOCK TABLES;

--
-- Table structure for table `projects`
--

DROP TABLE IF EXISTS `projects`;
/*!40101 SET @saved_cs_client     = @@character_set_client */;
/*!50503 SET character_set_client = utf8mb4 */;
CREATE TABLE `projects` (
  `ProjectID` varchar(50) NOT NULL,
  `ProjectTitle` text,
  `PAASCode` varchar(50) DEFAULT NULL,
  `ApprovalStatus` varchar(50) DEFAULT NULL,
  `Fund` varchar(50) DEFAULT NULL,
  `PAGValue` decimal(15,2) DEFAULT NULL,
  `StartDate` date DEFAULT NULL,
  `EndDate` date DEFAULT NULL,
  `LeadOrgUnit` varchar(100) DEFAULT NULL,
  `TotalExpenditure` decimal(15,2) DEFAULT NULL,
  `TotalContribution` decimal(15,2) DEFAULT NULL,
  `TotalPSC` decimal(15,2) DEFAULT NULL,
  PRIMARY KEY (`ProjectID`)
) ENGINE=InnoDB DEFAULT CHARSET=utf8mb4 COLLATE=utf8mb4_0900_ai_ci;
/*!40101 SET character_set_client = @saved_cs_client */;

--
-- Dumping data for table `projects`
--

LOCK TABLES `projects` WRITE;
/*!40000 ALTER TABLE `projects` DISABLE KEYS */;
INSERT INTO `projects` VALUES ('1000','FSGLO10S05:Youth Empowerment for Urban Development','H139','Approved','FNO',4218607.00,'2011-12-31','2013-12-30','Urban Economy',4439757.00,4329257.00,316548.00),('1666','FDGLO11F05: Preparations for the 23rd Session of the Governing Council','A119','Approved','FNE',51549.00,'2010-12-31','2011-12-30','External Relations',51549.00,NULL,NULL),('1667','FSGLO11S01: Sixth Session of the World Urban Forum (WUF 6)','A120','Approved','FOD',1638861.00,'2011-04-30','2016-12-30','External Relations',1473135.00,1376602.00,10534.00),('1674','FSGLO11H01: Norway funded JPO - Jacob Krupka based in UN-Habitat New York Office','B112','Approved','FJO',211104.00,'2011-01-31','2012-12-30','Liaison Office New York/Washington',160859.00,286723.00,14768.00),('1681','XBSOM11X01: UN Joint Programme on Local Governance and Decentralised Service Delivery','C293','Approved','QXB',563111.00,'2011-01-24','2016-05-30','Regional Office for Africa',562712.00,563111.00,36813.00),('1682','XBSOM11X02: UN Joint Programme on Local Governance and Decentralised Service Delivery','C294','Approved','QXB',1862288.00,'2010-12-31','2016-05-30','Regional Office for Africa',1864829.00,1861133.00,121787.00),('1683','QXBSOM11X03: Tawakal IDP Community Shelter Planning and Basic Sanitary Facilitie','C295','Approved','QXB',1500000.00,'2011-01-31','2012-12-30','Regional Office for Africa',1500024.00,1500000.00,98132.00),('1684','XBSEN11X01: Support Sustainable Shelter for Disaster-Prone Population in St. Louis, Senegal','C296','Approved','QXB',2000000.00,'2011-02-28','2016-05-30','Regional Office for Africa',1999313.00,2000000.00,130155.00),('1687','XBLIR11X01: Support to the Liberian Land Commission','C299','Approved','QXB',2166471.00,'2010-12-31','2016-05-30','Regional Office for Africa',2254119.00,2250750.00,157336.00),('1688','FSRAF11S02: SUPPORT TO THE AFRICAN MINISTERIAL CONFERENCE ON HOUSING AND URBAN DEVELOPMENT (AMCHUD) SECRETARIAT','C300','Approved','QXB',540000.00,'2011-04-07','2017-12-30','Regional Office for Africa',581863.00,657018.00,67880.00),('1689','XBRAF11X02: City to City Cooperation between UN-Habitat, Kunshan and selected Af','C301','Approved','QXB',256000.00,'2011-04-30','2016-10-30','Regional Office for Africa',239457.00,256000.00,27557.00),('1690','XBZAI11X01: Housing, Land and Property Interventions in Eastern DRC to facilitate Return of IDPs and Refugees in North Kivu and in Ituri','C302','Approved','QXB',7281240.00,'2010-12-31','2016-12-30','Regional Office for Africa',7282358.00,7281235.00,476300.00),('1691','XBAFG11X01: Peace-Building in Afghanistan through Consolidation of Community Sol','D313','Approved','QXB',28500000.00,'2010-12-31','2016-05-30','Regional Office for Asia and the Pacific',28498031.00,28500000.00,1863544.00),('1692','XBSRL10X03: SUPPORT TO CONFLICT AFFECTED PEOPLE THROUGH HOUSING (EU)','D314','Approved','QXBCF',15976363.00,'2010-12-29','2014-03-28','Regional Office for Asia and the Pacific',14877569.00,15208562.00,971843.00),('1693','XBPAK11X01: Pakistan Settlements Flood Recovery','D315','Pending Approval','QXB',44629670.00,'2010-12-31','2015-03-30','Regional Office for Asia and the Pacific',44598884.00,44629670.00,2918646.00),('1696','XBPAK11X03: Improvement of 29 School Buildings in Khyber Pakhtunkhwa','D318','Pending Approval','QXB',137715.00,'2011-01-16','2011-12-30',NULL,118234.00,137715.00,7735.00),('1697','XBRAS11X01: UN-HABITAT Support to Asia Development Bank (ADB) City Development Initiative for Asian Cities','D319','Pending Approval','QXB',450000.00,'2011-01-11','2012-12-30','Regional Office for Asia and the Pacific',450000.00,466896.00,NULL),('1698','XBMYA11X01: Safe and Sustainable Access to WASH for Rural Communities','D320','Pending Approval','QXB',554330.00,'2010-12-31','2011-06-29','Regional Office for Asia and the Pacific',554330.00,554330.00,36265.00),('1699','FSRAS11S01: Rehabilitation and Reconstruction Facility Phase V','D321','Pending Approval','QXB',47300.00,'2010-12-31','2011-12-30',NULL,47300.00,47300.00,5442.00),('1700','FDRAS11S02: Enhancement of Technical Cooperation towards Environmentaly Sustainability','D322','Pending Approval','FJP',91890.00,'2011-03-31','2012-12-30','Regional Office for Asia and the Pacific',91890.00,91890.00,10571.00),('1701','XBCPR11X01: Low Carbon Economy and Sustainable Urban Development Pilot Project - Jiangyin Non-Development Zone Practice','D323','Pending Approval','QXB',120979.00,'2010-12-31','2014-01-30','Regional Office for Asia and the Pacific',119806.00,120979.00,10891.00),('1702','XBMYA11X02: Emergency Shelter Support for Homeless and Vulnerable Populations in','D324','Pending Approval','QXB',499904.00,'2011-03-14','2011-12-30',NULL,499904.00,499904.00,32704.00),('1703','XBPAK11X02: Geographic Information System (GIS) Capacity Building for National Population Census','D325','Pending Approval','QXB',2465948.00,'2011-01-31','2013-12-30','Regional Office for Asia and the Pacific',2514271.00,2523897.00,164485.00),('1704','XBMYA11X03: Rakhine Settlement Support Project (RSSP)','D326','Pending Approval','QXB',1046051.00,'2011-04-17','2012-04-16','Regional Office for Asia and the Pacific',1016703.00,1044007.00,68293.00),('1705','SRL11X01: Support to Conflict Affected People Through Housing (AusAid)','D327','Pending Approval','QXB',3500000.00,'2011-03-31','2012-03-30','Regional Office for Asia and the Pacific',3628040.00,3619643.00,236800.00),('1707','XBHAI11X03: Gestation des debris dans les quartiers precaires de Port-au-Prince','F098','Pending Approval','QXB',1598326.00,'2010-12-31','2016-05-30','Regional Office for Latin America and Caribbean',1142822.00,1598326.00,74591.00),('1708','XBHAI11X01: Coordination of the Haiti Shelter Cluster by UN-Habitat','F099','Pending Approval','QXB',463743.00,'2010-12-31','2016-05-30','Regional Office for Latin America and Caribbean',568695.00,566826.00,38921.00),('1709','XBHAI11X02: UN-HABITAT Emergency and Recovery Response to Haiti Earthquake: Community-based response to Cholera','F100','Pending Approval','QXB',261262.00,'2010-12-31','2011-12-30','Regional Office for Latin America and Caribbean',254279.00,261292.00,16635.00),('1711','FDGLO11F02: Slum Upgrading and Prevention and Sustainable Housing Solutions thro','G061','Pending Approval','FNE',40000.00,'2010-12-31','2011-12-30',NULL,NULL,NULL,NULL),('1713','Development of the Initial Design of a Pro-poor Land Recordation System','G063','Pending Approval','FNE',28833.00,'2011-01-31','2011-12-30',NULL,28833.00,NULL,NULL),('1714','FDGLO11F07: Support to the Head, Shelter Branch Office','G064','Pending Approval','FNE',26475.00,'2011-03-31','2011-12-30',NULL,NULL,NULL,NULL),('1717','FSUGA11S01: Empowerment of Vulnerable Urban Youth for Socio-Economic Inclusion a','H141','Pending Approval','FOD',413742.00,'2011-02-28','2016-08-30','Urban Economy',494207.00,516928.00,29568.00),('1719','FDGLOF60/SIDA: Quick Guide for Policy makers and Practitioners on Urban Planning','J081','Approved','FOD',100000.00,'2011-12-31','2016-05-30','Urban Planning and Design',99606.00,NULL,11459.00),('1720','FSKEN10S01: Proposal for continuation of the implementation of Phase II of the Urban Planning Programme in the Lake Victoria Region through MTSIP','J082','Approved','FOD',13459.00,'2010-12-31','2016-05-30','Regional Office for Africa',12514.00,13459.00,1270.00),('1721','FSGLO10S15: URBAN SAFETY AND SOCIAL COHESION AGENDA FOR SUSTAINABLE DEVELOPMENT, GOVERNANCE AND COMPETITIVENESS IN WORLD CITIES','J083','Approved','FFR',497111.00,'2011-08-31','2016-12-30','Programme Division',1037962.00,1022226.00,87983.00),('1722','FDGLO11F06: Urban Biodiversity, Wetlands and Ecosystem-based Adaptation in Citie','J084','Approved','FNE',50000.00,'2010-12-31','2011-12-30','Urban Planning and Design',NULL,NULL,NULL),('1726','FSRAF11S03: TRANSITION PLANNING FOR URBAN FINANCE ACTIVITIES','S006','Approved','-',NULL,'2011-04-12','2011-12-30',NULL,NULL,73000.00,NULL),('1731','FDM0111NOR/MTSIP-NORWAY: Organisational Review','T058','Approved','FNE',101074.00,'2010-12-31','2012-12-30','Programme Division',101074.00,NULL,NULL),('1732','FDM0111SWE/MTSIP-SIDA: Organisational Review','T059','Approved','FNE',119851.00,'2010-12-31','2012-12-30','Programme Division',119988.00,NULL,NULL),('1733','FDM0211SWE/MTSIP-SIDA: Review of UN-Habitat\'s participation in the Delivering as','T060','Approved','FNE',48793.00,'2010-12-31','2012-12-30','Management and Operations',48714.00,NULL,NULL),('1734','FDM0211NOR/MTSIP-NORWAY: Continued Implementation of MTSIP Focus Area 6','T061','Approved','FNE',161719.00,'2010-12-31','2012-12-30','Management and Operations',161719.00,NULL,NULL),('1735','FDM0311SWE/MTSIP-SIDA: Development of Knowledge Management Systems','T062','Approved','FNE',460673.00,'2010-12-31','2013-12-30','Management and Operations',461840.00,NULL,NULL),('1737','FDM0111FNE-MTSIP: Promoting Normative and Operational Development of Sustainable','T064','Approved','FNE',100000.00,'2010-12-31','2011-12-30','Urban Economy',10212.00,NULL,NULL),('1749','FDWAT11INT: WATER AND SANITATION TRUST FUND (INTEREST ALLOCATION)','W039','Approved','FWS',2500000.00,'2010-12-31','2019-12-30','Urban Basic Services',2627308.00,-25507.00,NULL),('1750','WATER AND SANITATION TRUST FUND - BASF Social Foundation Contribution for WATSAN education in Mangalore, India.','W040','Approved','FWS',195659.00,'2010-12-31','2014-12-30','Urban Basic Services',159406.00,195659.00,11121.00),('1751','WATER AND SANITATION TRUST FUND - Water and Environmental Sanitation improvement in Coastal Communities in Karachi, Pakistan (Coke Foundation Contribution)','W041','Approved','FWS',97500.00,'2010-12-31','2012-12-30','Urban Basic Services',83609.00,97500.00,3981.00),('1752','WATER AND SANITATION TRUST FUND (Fukuoka Habitat Institute Contribution)- LAO PDR (MEKWASAN)','W042','Approved','FWS',60000.00,'2010-12-31','2012-12-30','Urban Basic Services',60000.00,60000.00,6903.00),('1753','Water and Sanitation Trust Fund (ACCD: Catalan Agency for Development Coop)','W043','Approved','FWS',134810.00,'2011-11-26','2012-12-30','Urban Basic Services',159217.00,134810.00,8819.00),('1754','Water and Sanitation Trust fund (Coca Cola India Contribution)','W044','Approved','FWS',299895.00,'2010-12-31','2016-05-30','Urban Basic Services',299895.00,299895.00,34501.00),('1755','XBPAK11X04: GIS AUTOMATION AND CAPACITY BUILDING SUPPORT FOR CENSUS','D328','Approved','QXB',450000.00,'2011-05-31','2013-12-30','Regional Office for Asia and the Pacific',449664.00,450000.00,29417.00),('1756','FSGLO11S02: HUMAN SETTLEMENTS AND CRISIS PROGRAMME','K091','Approved','FOD',206000.00,'2011-03-31','2016-08-30','Risk Reduction and Rehabilitation',270671.00,216071.00,22560.00),('1757','RAS11TOH: Strengthening administrative and financial support services of ROAP','TOH1','Approved','-',NULL,'2010-12-31','2012-12-30','Regional Office for Asia and the Pacific',538160.00,NULL,NULL),('1758','Promoting Sustainable Transport Solutions for East African Cities','W045','Approved','FEV',2850000.00,'2010-12-31','2017-12-30','Urban Basic Services',2742001.00,2779728.00,131111.00),('1759','FSINS11S01: Making Urban Investment Planning Work: Building on the Indonesian CDS Experience','D329','Approved','FCL',488200.00,'2011-03-31','2015-06-29','Regional Office for Asia and the Pacific',485765.00,488200.00,NULL),('1760','XBCUB11X01: Cuba-Colombia South-South Cooperation: Improving citizen capacities in their participation in climate change adoption processes and risk reduction in Columbia and Cuba','F102','Approved','QXB',294607.00,'2011-05-31','2013-12-30','Regional Office for Latin America and Caribbean',292774.00,294607.00,21606.00),('1761','Water and Sanitation Trust Fund (UNOPS Contribution to World Water Day 2011)','W046','Approved','FWS',124500.00,'2010-12-31','2018-12-30','Urban Basic Services',114498.00,99500.00,3238.00),('1762','Water and Sanitation Trust Fund (UNEP Contribution to World Water Day 2011)','W047','Approved','FWS',20000.00,'2010-12-31','2011-12-30','Urban Basic Services',20000.00,20000.00,1818.00),('1764','FOSTERING AN INTEGRATED AND INCLUSIVE DEVELOPMENT OF RIO DE JANEIROS FAVELAS - THE RIO+SOCIAL PROGRAMME','F101','Approved','QXB',9371440.00,'2011-05-31','2018-03-08','Regional Office for Latin America and Caribbean',9398745.00,9297299.00,448131.00),('1767','XBMAG11X01: Human Security project for the prevention of violence and vulnerability reduction for the most vulnerable inhabitants of Antananarivo, Madagascar','C303','Approved','QXB',1251150.00,'2011-04-30','2016-10-30','Regional Office for Africa',1286038.00,1283151.00,84133.00),('1768','FSEGY11S01: Establishment of the Regional Office for the Arab States in Cairo','C304','Approved','FOD',2570000.00,'2011-05-31','2021-08-06','Regional Office for Arab States',2457748.00,3768021.00,277768.00),('1769','\"XBSOM11X05: Halabokad Permanent Shelter and Social Infra-structure','C305','Approved','QXB',169908.00,'2011-02-01','2016-05-30','Regional Office for Africa',169905.00,169908.00,11115.00),('1770','FSMLW11S01: Malawi City Development Strategy and Slum Upgrading Programme Phase','C306','Approved','FCL',400000.00,'2011-08-31','2013-12-30','Regional Office for Africa',175000.00,175000.00,NULL),('1771','XBSOM11X06: Sustainable Employment Creation and Improved Livelihoods for Vulnerable Urban Communities in Mogadishu.','C307','Approved','QXB',4580815.00,'2011-09-30','2016-12-30','Regional Office for Africa',4577286.00,4580815.00,299494.00),('1772','Institutional Capacity Development in Darfur on Urban and Regional Planning and Land Management','C308','Approved','QXB',2128315.00,'2011-10-31','2016-10-30','Regional Office for Arab States',2127890.00,2129517.00,138084.00),('1773','XBMYA11X04: Post-Cyclone Giri Community-Based Emergency and Early Recovery Initiative','D330','Approved','QXB',968502.00,'2011-06-30','2012-06-29','Regional Office for Asia and the Pacific',931060.00,930632.00,60766.00),('1774','XBPAK11X05: Toward Refugee-Host Fusion Local Government','D331','Approved','QXB',198083.00,'2011-08-31','2016-07-30','Regional Office for Asia and the Pacific',198083.00,187959.00,12959.00),('1775','XBPAK11X07: Life-saving WASH intervention for Flood Affected Population in Mirpu','D332','Approved','QXB',697779.00,'2011-10-04','2012-01-03','Regional Office for Asia and the Pacific',676553.00,697779.00,44260.00),('1776','XBPAK11X06: Emergency shelter support to the most vulnerable population in Sindh','D333','Approved','QXB',1498942.00,'2011-10-04','2012-04-03','Regional Office for Asia and the Pacific',1470035.00,1498942.00,96171.00),('1777','XBRAS11X02: Standardised tools and methodologies for safer schools and hospitals','D334','Approved','QXB',80000.00,'2011-10-25','2012-03-29','Regional Office for Asia and the Pacific',80000.00,80000.00,5234.00),('1778','XBKOS11X01: Municipal Spatial Planning Support Project Phase 3','E034','Approved','QXB',5579542.00,'2011-10-31','2017-06-29','Urban Planning and Design',5652069.00,5703063.00,242457.00),('1779','DEBRIS MANAGEMENT IN SUPPORT TO THE RETURN HOME OF POPULATIONS AFFECTED BY THE EARTHQUAKE IN PORT-AU-PRINCE','F103','Approved','QXB',2643170.00,'2011-05-31','2016-05-30','Regional Office for Latin America and Caribbean',2634832.00,2611500.00,173636.00),('1780','XBRLA11X01: SUPPORTING THE EASTERN CARIBBEAN STATES TO IMPROVE LAND POLICIES AND MANAGEMENT','F104','Approved','QXB',1100000.00,'2011-06-30','2016-08-30','Regional Office for Latin America and Caribbean',1075321.00,1086014.00,97756.00),('1781','XBHAI11X05: UNDG-HRF (Haiti Reconstruction fund) Programme d\'appui a la reconst','F105','Approved','QXB',10266140.00,'2011-06-30','2016-11-14','Regional Office for Latin America and Caribbean',10718867.00,10407224.00,698815.00),('1782','XBHAI11X06: Support Programme for the Neighbourhoods Reconstruction and Planning','F106','Approved','QXB',2662194.00,'2011-07-31','2017-12-30','Regional Office for Latin America and Caribbean',2415238.00,2417823.00,158006.00),('1784','FSGLO11S04: Global exposure Database for Global Earthquake Model (GED4GEM)','H142','Approved','FOD',180900.00,'2011-08-31','2016-05-30','Risk Reduction and Rehabilitation',206687.00,209786.00,14520.00),('1786','XBIRQ11X01: Bridging for Local Area Development Programme (Phase II of Project N048)','N052','Approved','QXB',552889.00,'2010-12-31','2016-05-30','Regional Office for Arab States',547508.00,NULL,35611.00),('1787','XBIRQ11X02: Initiating durable shelter solutions for Iraqi IDPs and returnees','N053','Approved','QXB',5499833.00,'2011-10-31','2018-01-13','Regional Office for Arab States',7136338.00,8999833.00,520108.00),('1788','FDM0511SWE/MTSIP-SIDA: Development of Project Accrual and Accountability System (PAAS)','T065','Approved','FNE',592000.00,'2011-09-25','2013-12-30','Management and Operations',481167.00,NULL,NULL),('1789','FDM0611SWE/MTSIP-SIDA: PSD Document Tracking System','T066','Approved','FNE',15000.00,'2011-10-17','2012-12-30','Management and Operations',15060.00,NULL,NULL),('1790','FDM0711SWE/MTSIP-SIDA: Strengthening Results-Based Management in UN-Habitat','T067','Approved','FNE',163000.00,'2011-10-31','2012-12-30','Management and Operations',163048.00,NULL,NULL),('1791','Water and Sanitation Trust Fund (AGENCE FRANCAISE DE DEVELOPPEMENT)','W048','Approved','FWS',751071.00,'2010-12-31','2017-05-25','Urban Basic Services',653257.00,653258.00,75154.00),('1792','Water and Sanitation Trust Fund: BASF - HVBWSHE INITIATIVE IN SELECTED SCHOOLS OF THE STATE','W049','Approved','FWS',274843.00,'2011-08-03','2016-05-30','Urban Basic Services',256506.00,262876.00,17896.00),('1793','WATER AND SANITATION TRUST FUND (Trust Fund interest income for FNE projects)','W050','Approved','FWS',333000.00,'2010-12-31','2016-06-29','Urban Basic Services',287783.00,NULL,NULL),('1794','Promoting Energy Efficiency in Buildings in East Africa (PrEEBEA)','W051','Approved','FEV',2793000.00,'2011-08-14','2017-12-30','Urban Basic Services',2772432.00,2428323.00,128650.00),('1795','Water and Sanitation Trust Fund - Contribution from Tillvaxtverket ( Swedish Agency for Economic and Regional Growth)','W052','Approved','FWS',74347.00,'2011-05-31','2012-12-30','Urban Basic Services',61456.00,62244.00,4020.00),('1796','WATER AND SANITATION TRUST FUND (JAPAN WATER FORUM)','W053','Approved','FWS',18800.00,'2011-11-29','2012-12-30','Urban Basic Services',18800.00,18800.00,NULL),('1799','Identification of best practices, policies and enabling legislation in the local delivery of basic urban services','A121','Approved','QXB',3404000.00,'2011-10-31','2016-05-30','Urban Legislation, Land and Governance',3394732.00,3404000.00,306921.00),('1800','Monitoring the MDGs at the municipal level in the states of Rio de Janeiro and Maranhao and strengthening Local capacities on public policies','F107','Approved','QXB',532867.00,'2011-11-30','2016-10-29','Regional Office for Latin America and Caribbean',616756.00,611183.00,70779.00),('1801','UNDAP - WASH programme Tanzania','W054','Approved','FWS',1591526.00,'2011-08-31','2017-08-30','Urban Basic Services',1575535.00,1575535.00,103072.00),('1802','Urban Planning Support Programme for Palestinian Communities in East Jerusalem','P013','Approved','FPP',2969253.00,'2011-08-31','2016-10-29','Regional Office for Arab States',3976901.00,4480272.00,233454.00),('1803','Strengthening Primary Health Care System in 3 States of Darfur','C309','Pending Approval','QXB',1356589.00,'2011-11-30','2016-10-29','Regional Office for Africa',1355682.00,1354963.00,88642.00),('1804','Disaster Resilient City Development Strategies for Sri Lankan Cities','D335','Pending Approval','QXB',1100000.00,'2011-11-30','2014-12-30','Regional Office for Asia and the Pacific',2033991.00,2109760.00,135086.00),('1850','Implementation of the RAIN Water for Schools Project in East Africa (Global Environment & Technology Foundation Conttibution-GETF)','W055','Pending Approval','FWS',225000.00,'2011-08-10','2013-12-30','Urban Basic Services',225092.00,225000.00,25913.00),('1851','WATSAN Trust Fund: GOAL WASH Programme, LAO PDR < UNDP Contribution>','W056','Pending Approval','FWS',149533.00,'2011-09-30','2016-05-30','Urban Basic Services',216717.00,216822.00,14080.00),('1858','Housing Policy Advice Ministry of Public works and Housing Occupied Palestinian Territory','P014','Pending Approval','FPP',175000.00,'2011-10-31','2013-09-29','Regional Office for Arab States',173392.00,174890.00,10551.00),('1859','Land and Natural Resources Tenure Security Learning Initiative for Eastern and Southern Africa < TSLI - ESA>','G065','Pending Approval','FOD',225000.00,'2011-09-30','2013-12-30','Regional Office for Africa',200129.00,200000.00,19687.00),('1860','Urban Income Inequalities in Latin American and Caribbean Cities','H143','Pending Approval','FOD',300000.00,'2012-01-14','2016-05-30','Research and Capacity Development',287778.00,310000.00,33107.00),('1861','Establishment of the Advisory Group on Gender Issues for UN-Habitat','J085','Pending Approval','FNO',120000.00,'2011-12-31','2016-06-29','Programme Division',81152.00,NULL,NULL),('1862','Colombo City-Livelihood assessment of flood-prone Low-income Settlements and preparation of urban policy note','D336','Pending Approval','QXB',58468.00,'2011-12-31','2012-06-29','Regional Office for Asia and the Pacific',51379.00,58467.00,NULL),('1863','Support to the establishment of a land disputes prevention and resolution system in','C312','Pending Approval','QXB',2000000.00,'2011-07-31','2016-05-30','Regional Office for Africa',1963151.00,2000000.00,127066.00),('1866','UN-Habitat Office in Spain: Towards a New Urban Agenda','J094','Pending Approval','FSP',787783.00,'2011-12-31','2018-03-13','Urban Planning and Design',2815995.00,2371918.00,254598.00),('1869','Cost Center - Regional office for Africa','V007','Pending Approval','TOH',67864.00,'2011-12-31','2018-12-30','Regional Office for Africa',189974.00,24309890.00,NULL),('1870','Cost Center - Regional office for Arab states','V008','Pending Approval','TOH',104544.00,'2011-12-31','2018-12-30','Regional Office for Arab States',255416.00,24309890.00,NULL),('1871','Cost Center - Regional office for Asia and the Pacific','V009','Pending Approval','TOH',338631.00,'2011-12-31','2018-12-30','Regional Office for Asia and the Pacific',1231204.00,24309890.00,NULL),('1872','Cost Center - Regional office for Latin America and the carribean','V010','Pending Approval','TOH',109589.00,'2011-12-31','2018-12-30','Regional Office for Latin America and Caribbean',284613.00,24309890.00,NULL),('1874','Cost centre - New York/ Liaison Office','V002','Pending Approval','HFU',87690.00,'2011-12-31','2018-12-30','Management and Operations',113870.00,24309890.00,NULL),('1875','Cost Centre - Geneva Liaison Office','V003','Pending Approval','HFU',199046.00,'2011-12-31','2018-12-30','Management and Operations',305834.00,24309890.00,NULL),('1876','Cost Centre - Brussels Liaison Office','V004','Pending Approval','HFU',134110.00,'2011-12-31','2018-12-30','Management and Operations',262378.00,24309890.00,NULL),('1877','Settlement upgrading and reintegration of Returnees and IDPs through community empowerment, infrastructure and services and local government support','D337','Pending Approval','QXB',11640422.00,'2012-02-29','2015-02-27','Regional Office for Asia and the Pacific',11640422.00,11606964.00,761523.00),('1878','Support to the formulation of a project document on Housing and Urban Development Policy in Gabon < Atlas # 00062438>','C313','Pending Approval','TIP',34000.00,'2010-12-31','2016-05-30','Regional Office for Africa',93999.00,NULL,8545.00),('1879','Rehabilitation and Reconstruction facility Phase VI','D338','Pending Approval','FJP',47300.00,'2011-12-31','2013-03-30','Regional Office for Asia and the Pacific',47058.00,47300.00,5200.00),('1880','Enhancement of Technical Cooperation towards Environmentally Sustainable Development in Asia and the pacific Phase IV','D339','Pending Approval','FJP',77872.00,'2012-03-31','2013-12-30','Regional Office for Asia and the Pacific',77769.00,77872.00,8856.00),('1881','Emergency workshop for the Municipalities of Disaster affected Areas in Tohoku, Japan','D340','Pending Approval','QXB',230934.00,'2012-01-31','2012-12-30','Regional Office for Asia and the Pacific',230934.00,229725.00,15108.00),('1883','WLATs and Mavoko SNP Land Development','C315','Pending Approval','FNE',300338.00,'2011-12-31','2012-12-30','Regional Office for Africa',200783.00,NULL,NULL),('1884','WLATs and Mavoko SNP Land Development','A039_D','Pending Approval','QXB',296662.00,'2011-02-28','2012-12-30','Regional Office for Africa',397443.00,NULL,NULL),('1897','Support to the Province of Gangwon\'s International Urban Training Centre ( IUTC)','L013','Pending Approval','FOD',2430850.00,'2011-12-31','2017-12-30','Research and Capacity Development',1179727.00,1200000.00,104412.00),('1898','State of the region\'s Cities Reports Series 2012-2014','C316','Pending Approval','FNO',736560.00,'2012-03-11','2017-12-30','Programme Division',1110553.00,1129657.00,78047.00),('1900','Integration of long-term IDPs into the host community in Bosasso','C317','Pending Approval','QXB',2000000.00,'2012-02-29','2016-05-30','Regional Office for Africa',1999803.00,2000000.00,130828.00),('1901','AYAHA III Shelter and Settlement Construction','C318','Pending Approval','QXB',2212711.00,'2012-02-29','2016-12-30','Regional Office for Africa',2344425.00,2212711.00,145067.00),('1902','Participatory Slum Upgrading Programme in ACP Countries','C319','Pending Approval','QXB',12965400.00,'2011-12-31','2017-12-30','Housing and Slum Upgrading',12598528.00,12531273.00,679147.00),('1903','African Cities Roundtable in Nairobi Global City Indicators','H149','Pending Approval','FOD',96970.00,'2011-12-31','2013-12-30','Research and Capacity Development',83171.00,96970.00,9568.00),('1904','Youth Empowerment for Urban Development < including youth mainstreaming>','H146','Pending Approval','FNO',5929699.00,'2011-12-31','2017-12-30','Urban Economy',5945840.00,6130321.00,435351.00),('1905','Urban Solidarity Programme','D341','Pending Approval','QXB',5000000.00,'2012-02-29','2013-12-30','Regional Office for Asia and the Pacific',4999757.00,5000000.00,327073.00),('1906','Emergency Water, Sanitation, Hygiene and Shelter Assistance to communities affected by flooding caused by Tropical Storm Nock-Ten in Lao PDR','W060','Pending Approval','FOD',129000.00,'2012-01-31','2013-12-30','Urban Basic Services',129000.00,130392.00,8439.00),('1907','Support to Sustainable reintegration of returnees in South Sudan','I001','Pending Approval','QXB',100000.00,'2012-03-31','2012-12-30','Risk Reduction and Rehabilitation',NULL,NULL,NULL),('1911','Joint Programme - Support to Decentralization & Integrated Local Development','C321','Approved','QXB',132801.00,'2011-10-31','2016-09-29','Regional Office for Africa',691593.00,799722.00,8697.00),('1912','Promoting Low Emission Urban Development Strategies in Emerging Economy Countries','J088','Approved','FOD',8931233.00,'2012-02-29','2016-12-30','Urban Planning and Design',8927729.00,8343649.00,584057.00),('1913','Towards Sustainable Solutions for Improved Living Conditions of Palestine Refugees in Lebanon','C320','Approved','QXB',3562337.00,'2011-10-31','2014-10-30','Regional Office for Arab States',937313.00,953404.00,63076.00),('1914','Global Land Tool Network Phase 2 (Norway Contribution)','G066','Approved','FNO',2389078.00,'2011-12-31','2017-12-30','Urban Legislation, Land and Governance',3882548.00,4249408.00,281214.00),('1915','State of the World Cities Report 2012/13','H148','Approved','FNO',451352.00,'2011-12-31','2014-12-30','Research and Capacity Development',432301.00,841491.00,32022.00),('1923','Urban Poverty Reduction in Mexico 2011-2013','F108','Approved','QXB',450600.00,'2011-08-31','2017-09-29','Regional Office for Latin America and Caribbean',756389.00,675323.00,53369.00),('1924','Identification of best practises, policies and enabling legislation in the local delivery of basic urban services','A121_A','Approved','QXB',1912595.00,'2011-10-31','2013-12-30','Executive Office',1326532.00,3404000.00,126851.00),('1925','Identification of best practises, policies and enabling legislation in the local delivery of basic urban services','A121_B','Approved','QXB',235180.00,'2011-10-31','2013-12-30','Urban Legislation, Land and Governance',209826.00,NULL,19374.00),('1926','Identification of best practises, policies and enabling legislation in the local delivery of basic urban services','A121_C','Approved','QXB',1256255.00,'2011-10-31','2013-12-30','Urban Legislation, Land and Governance',1800183.00,NULL,160883.00),('1931','Assistance to schools in Voronezh region communities affected by 2010 forest fires','E035','Approved','QXB',130600.00,'2012-01-31','2016-05-30','Programme Division',128165.00,133765.00,11593.00),('1932','Open UN-Habitat Transparency Initiative','T068','Approved','FNE',581395.00,'2011-12-31','2016-05-30','External Relations',743301.00,706621.00,NULL),('1933','Global Land Tool Network Phase II (Sweden Contribution)','G068','Approved','FSE',1710757.00,'2011-12-31','2016-10-30','Urban Legislation, Land and Governance',2598063.00,2295824.00,174149.00),('1938','Sustainable Urban Planning and Development Programme in Mozambique','C310','Approved','QXB',200000.00,'2011-12-31','2016-05-30','Regional Office for Africa',209014.00,200000.00,24042.00),('1941','Priority Action for Life-Saving response through Integrated Nutrition, WASH and Health Interventions - Nepal 2012','D343','Approved','QXB',211244.00,'2012-04-30','2012-12-30','Regional Office for Asia and the Pacific',211244.00,211244.00,13820.00),('1943','Impact of Economic Development on Urbanization Process in Brazil','F109','Approved','FOD',291496.00,'2012-04-30','2016-09-29','Regional Office for Latin America and Caribbean',271507.00,291496.00,17516.00),('1944','Urban Mobility','W059','Approved','FNO',965148.00,'2011-12-31','2017-12-30','Urban Basic Services',1159537.00,1138857.00,84176.00),('1945','Human Settlements and Crisis Programme','K091_B','Approved','FSE',156000.00,'2011-06-06','2012-12-30','Risk Reduction and Rehabilitation',NULL,NULL,NULL),('1946','Human Settlements and Crisis Programme','K091_A','Approved','FOD',50000.00,'2011-06-06','2012-12-30','Risk Reduction and Rehabilitation',NULL,NULL,NULL),('1947','Formulation of the Burkina Faso Country Programme','C323','Approved','FCL',75000.00,'2012-04-30','2013-12-30','Regional Office for Africa',75001.00,75000.00,NULL),('1956','Urban Planning and Design for Sustainable Urban Development','J089','Approved','FSE',1047732.00,'2011-12-31','2016-10-29','Urban Planning and Design',1599373.00,1255080.00,105479.00),('1957','Improving Living Conditions in Returnee Areas of Sri Lanka Through Housing','D344','Approved','QXB',3860811.00,'2012-05-31','2015-06-29','Regional Office for Asia and the Pacific',3859257.00,3860811.00,252451.00),('1958','Community Benefit Sharing: Assessment of Options','D345','Approved','QXB',99999.00,'2012-03-31','2013-12-30','Regional Office for Asia and the Pacific',99999.00,99816.00,6542.00),('1962','Urban Income Inequalities in Latin American and Caribbean Cities','H143_A','Approved','FOD',213555.00,'2012-01-14','2013-12-30','Research and Capacity Development',191871.00,310000.00,22074.00),('1963','Urban Income Inequalities in Latin American and Caribbean Cities','H143_B','Approved','FOD',86445.00,'2012-01-14','2013-12-30','Research and Capacity Development',85907.00,NULL,11034.00),('1964','Development of the Ibadan Abidjan urban Energy Corridor for Sustainable Urbanisation and Economic Growth','I004','Approved','QXB',50000.00,'2012-05-31','2012-12-30','Urban Basic Services',NULL,NULL,NULL),('1968','Improving the Housing delivery System in Erbil','N047','Approved','QXB',842800.00,'2012-05-29','2013-09-29','Regional Office for Arab States',1105132.00,1089007.00,72298.00),('1979','Slum Upgrading and Sustainable Housing Development in two Settlements, in South and West Darfur - Sudan','C322','Approved','QXB',904020.00,'2012-03-29','2012-12-30','Regional Office for Arab States',903977.00,904220.00,59139.00),('1984','Shae Thot - The Way Forward: Water and Sanitation Project in Myanmar','D346','Approved','QXB',13016065.00,'2011-12-31','2017-12-30','Regional Office for Asia and the Pacific',12841977.00,13016105.00,839917.00),('1985','Improving Urban Legal Frameworks for the extension and Densification of cities','G067','Approved','FNO',971966.00,'2011-12-31','2014-12-30','Urban Legislation, Land and Governance',965145.00,1417564.00,71492.00),('1986','Improving Urban Legal Frameworks for the extension and Densification of cities','G070','Approved','FSE',914470.00,'2011-12-31','2017-03-30','Urban Legislation, Land and Governance',1349614.00,1487192.00,90767.00),('1987','Local Governance Catalytic Project','J092','Approved','FSE',250063.00,'2011-12-31','2017-12-30','Urban Legislation, Land and Governance',767205.00,941776.00,47394.00),('1988','Promoting Sustainable Urban Mobility Solutions for West Africa','I002','Approved','QXB',100000.00,'2012-05-31','2012-12-30','Regional Office for Africa',NULL,NULL,NULL),('1989','City Resilience Profiling Programme (CRPP)','I003','Approved','QXB',70000.00,'2012-05-31','2016-12-30','Risk Reduction and Rehabilitation',30017.00,NULL,NULL),('1990','ARCADIS-ROAP Humanitarian Support','D342','Approved','QXB',30585.00,'2012-05-10','2013-12-30','Regional Office for Asia and the Pacific',30585.00,30299.00,NULL),('1994','Promotion of Pro-poor Land and Housing: Sustainable Housing, Slum Upgrading and Community Development','G069','Approved','FSE',796644.00,'2011-12-31','2016-12-30','Housing and Slum Upgrading',1456589.00,1458010.00,79613.00),('1996','IDP Settlement mapping, planning and physical improvement of IDP settlement areas in Mogadishu, Somalia','C324','Approved','QXB',405672.00,'2012-05-31','2016-08-30','Regional Office for Africa',405672.00,405672.00,26539.00),('1997','FDM0411SWE/MTSIP-SIDA: Medium Term Strategic and Institutional Plan (MTSIP) Focus Area 2','T063_A','Approved','FNE',67688.00,'2010-12-31','2012-12-30','Urban Planning and Design',67706.00,NULL,NULL),('1998','Institutionalization of Results-Based Management in UN-Habitat','T073','Approved','FNE',158285.00,'2011-12-31','2014-12-30','Management and Operations',156830.00,78583.00,NULL),('1999','Institutionalization of Results-Based Management in UN-Habitat','T071','Approved','FNE',279573.00,'2011-12-31','2015-12-30','Management and Operations',360841.00,372402.00,NULL),('2000','Urban Planning and Design for Sustainable Urban Development','J087','Approved','FNO',971966.00,'2011-12-31','2016-12-30','Urban Planning and Design',1152191.00,1207513.00,81318.00),('2001','Water and Sanitation Trust Fund Implementation of Training and Capacity Building Activities Under the Lake Victoria Water Supply and Sanitation Programme Phase II','W057','Approved','FWS',4244445.00,'2011-12-07','2016-12-30','Urban Basic Services',4212192.00,4213915.00,275564.00),('2002','Building statistical capacity to monitor the Millennium Development Goal Slum Target in the context of natural disasters and housing crisis in Africa, Asia and Latin America and the Caribbean','P-12-07-12-99','Pending Approval','ROA',440000.00,'2010-12-31','2013-12-30','Research and Capacity Development',NULL,NULL,NULL),('2004','Water and Sanitation Trust Fund - Norway 2012-2013 contribution','W058','Approved','FWS',2429915.00,'2011-12-31','2016-05-30','Urban Basic Services',2412095.00,2412930.00,178877.00),('2005','WATSAN Trust Fund - Bill & Melinda Gates Foundation Contribution ( UN-Habitat Vacutug Development Project )','W061','Approved','FWS',249700.00,'2012-02-19','2013-12-30','Urban Basic Services',169408.00,174783.00,15401.00),('2007','Strengthening Urban Education, Research and University-City linkages through the Habitat Partner University Initiative','H150_A','Approved','FNE',361111.00,'2011-12-31','2014-12-30','Research and Capacity Development',313143.00,191666.00,3847.00),('2008','Srengthening Urban Education, Research and University-city linkages through the habitat Partner University Initiative','H150_B','Approved','FSE',250063.00,'2011-12-31','2014-12-30','Research and Capacity Development',189906.00,204841.00,13148.00),('2009','Strengthening Urban Education, Research and University-City linkages through the Habitat Partner University Initiative','H150','Approved','FNE',389059.00,'2011-12-31','2014-12-30','Research and Capacity Development',517009.00,396507.00,16995.00),('2010','Cities and Climate Change Initiative (CCCI): with additional focus on decentralisation, gender and youth 2012-2014','J086','Approved','FNO',2707620.00,'2011-12-31','2013-12-30','Urban Planning and Design',3201488.00,3248357.00,233041.00),('2011','Reconstruction with a view to sustainable improvement of Housing and Living conditions of the population affected by the 12 January 2010 Earthquake in the Southeast','F110','Approved','QXB',1292374.00,'2012-06-30','2016-05-30','Regional Office for Latin America and Caribbean',964027.00,1292374.00,58602.00),('2012','Enhancing Global Action for Safer Cities Phase 3','J093','Approved','FSE',511377.00,'2011-12-31','2017-03-30','Urban Legislation, Land and Governance',672995.00,745818.00,43285.00),('2013','FDM0411SWE/MTSIP-SIDA: Medium Term Strategic and Institutional Plan Focus Area 2','T063_B','Approved','FNE',201500.00,'2010-12-31','2012-12-30','Urban Planning and Design',201500.00,NULL,NULL),('2014','FDM0411SWE/MTSIP-SIDA: Medium Term Strategic and Institutional Plan Focus Area 2','T063_C','Approved','FNE',103000.00,'2010-12-31','2012-12-30','Urban Planning and Design',103076.00,NULL,NULL),('2015','FDM0411SWE/MTSIP-SIDA: Medium Term Strategic and Institutional Plan Focus Area 2','T063_D','Approved','FNE',100000.00,'2010-12-31','2012-12-30','Urban Planning and Design',100000.00,NULL,NULL),('2016','Sixth Session of The World Urban Forum','A120_B','Approved','FOD',97460.00,'2011-04-30','2012-12-30','External Relations',99522.00,97460.00,10969.00),('2017','Sixth Session of The World Urban Forum','A120_A','Approved','FOD',1538401.00,'2011-04-30','2012-12-30','External Relations',1338613.00,977225.00,-434.00),('2023','DRC UNDP Pool Fund: Prevention, Mediation and Follow-Up of Land Based Conflicts in Djugu,Mweso and Masisi ( Eastern DRC )','C326','Approved','QXB',425640.00,'2012-06-30','2016-05-30','Regional Office for Africa',397192.00,397192.00,25985.00),('2024','National Solidarity Programme Phase 3','D348','Approved','QXB',10867200.00,'2012-04-30','2017-03-30','Regional Office for Asia and the Pacific',10859422.00,10867251.00,710428.00),('2029','Project Name','P-12-08-27-42','Approved','IDF',50000.00,'2012-08-26','2012-12-30',NULL,NULL,NULL,NULL),('2041','FDM0511SWE/MTSIP-SIDA - Development of Project Accrual and Accounting System (PAAS)','P-12-09-27-83','Approved','FNE',476500.00,'2011-09-25','2012-12-30',NULL,NULL,NULL,NULL),('2043','Development of structure /Master plans for nine cities in the State of Osun, Nigeria','C329','Approved','QXB',628141.00,'2012-03-31','2016-05-30','Regional Office for Africa',627715.00,627560.00,57593.00),('2045','Youth Empowerment for Urban Development (including youth mainstreaming)','P-12-10-08-22','Approved','FOD',40000.00,'2012-10-07','2012-12-30',NULL,NULL,NULL,NULL),('2046','Youth Empowerment for Urban Development (including youth mainstreaming)','P-12-10-08-51','Approved','FOD',40000.00,'2012-10-07','2012-12-30',NULL,NULL,NULL,NULL),('2047','Youth Empowerment for Urban Development (including youth mainstreaming)','P-12-10-08-3','Approved','FOD',40000.00,'2012-10-07','2012-10-30',NULL,NULL,NULL,NULL),('2048','Youth Empowerment for Urban Development (including youth mainstreaming)','H146_A','Approved','FOD',92356.00,'2012-10-07','2017-05-28','Urban Economy',424881.00,35148.00,7665.00),('2052','Global Alliance for Prosperous Cities','P-12-10-25-54','Pending Approval','FPP',2000000.00,'2012-11-14','2015-11-14','Research and Capacity Development',NULL,NULL,NULL),('2053','Building statistical capacity to monitor the Millennium Development Goal Slum Target in the context of natural disasters and housing crisis in Africa, Asia and Latin America and the Caribbean','P-12-10-25-80','Pending Approval','ROA',440000.00,'2011-12-31','2013-12-30',NULL,NULL,NULL,NULL),('2054','Water and Sanitation Trust Fund (Provision of adequate and safe drinking water and improved sanitation services in Mandera County, Kenya','W062','Approved','FWS',369518.00,'2011-12-31','2016-05-30','Urban Basic Services',394718.00,394529.00,28057.00),('2055','Quick Impact Project: Urban Water and Sanitation Project (UNMISS)','W063','Approved','FWS',500000.00,'2012-07-31','2016-05-30','Urban Basic Services',495695.00,495695.00,32429.00),('2056','Project Development Phase for the Project; Rapid Planning - Sustainable','W064','Approved','FWS',59131.00,'2012-07-31','2013-12-30','Urban Basic Services',59288.00,59288.00,6821.00),('2058','The Water, Sanitation and Hygiene and Groundwater Recharge through Schools and Community Initiatives in South Asia','W065','Approved','FWS',750000.00,'2012-08-31','2016-05-30','Urban Basic Services',723636.00,723663.00,47339.00),('2061','Shelter Response Construction and Rehabilitation to ensure the safe return of 175 Families affected by the Tropical depression 12E in EL Salvador','F112','Approved','QXB',315554.00,'2012-08-31','2016-05-30','Regional Office for Latin America and Caribbean',315630.00,315554.00,20640.00),('2062','Mainstreaming Strategic Planning Frameworks for City Development Strategy through Leadership Training','D347','Approved','QXB',150000.00,'2012-07-14','2016-05-30','Regional Office for Asia and the Pacific',149967.00,150000.00,9780.00),('2064','Gender Equality Programme (including gender mainstreaming)','H147','Approved','FNO',1288302.00,'2011-12-31','2016-12-30','Programme Division',1483421.00,1288302.00,109883.00),('2065','GLOBAL REPORT ON HUMAN SETTLEMENTS 2013','H145','Approved','FNO',291590.00,'2011-12-31','2016-05-30','Research and Capacity Development',277675.00,289544.00,20569.00),('2067','ASSESSMENT OF THE IMPACT OF CRIME ON URBAN ECONOMIC COMPETITIVENESS,A PILOT CASE IN ZAPOPAN MUNICIPALITY','F111','Approved','QXB',300000.00,'2012-04-30','2016-08-30','Regional Office for Latin America and Caribbean',184291.00,188078.00,21196.00),('2068','Emergency Housing Policy and Technical Advice to the Ministry of Housing and Utilities, Libya','I006','Approved','QXB',13750.00,'2012-07-31','2013-12-30','Housing and Slum Upgrading',NULL,NULL,NULL),('2069','Project Development and Resource Mobilization Towards the Establishment of a Comprehensive Country Programme in Jordan in line with the Priority Areas of UN-Habitat and UNDAF 2013-2017','I007','Approved','QXB',70000.00,'2012-07-31','2013-12-30','Regional Office for Arab States',NULL,NULL,NULL),('2070','THE PACIFIC REGIONAL SUPPORT PROGRAMME. : STRENGTHENING PACIFIC URBAN AGENDA IMPLEMENTATION','D355','Approved','QXB',349600.00,'2012-07-31','2015-06-29','Regional Office for Asia and the Pacific',317684.00,317684.00,NULL),('2072','SAMOA- GREATER APIA CITY DEVELOPMENT STRATEGY','D354','Approved','QXB',237000.00,'2012-07-31','2015-06-29','Regional Office for Asia and the Pacific',278308.00,270751.00,NULL),('2074','Fund Raising Support to Haiti','I008','Approved','IDF',85000.00,'2012-08-31','2016-05-30','Regional Office for Latin America and Caribbean',197074.00,NULL,NULL),('2075','Emergency Response to Hurricane Sandy','I009','Approved','RRF',15000.00,'2012-10-26','2012-12-30','Risk Reduction and Rehabilitation',NULL,NULL,NULL),('2076','TA7970: ULBAANBAATAR URBAN SERVICES AND GER AREAS DEVELOPMENT INVESTMENT PROGRAMME (ULAANBAATAR URBAN RENEWAL COMMUNITY PARTICIPATION)','D353','Approved','QXB',69265.00,'2012-08-31','2014-01-31','Regional Office for Asia and the Pacific',76496.00,60880.00,2492.00),('2077','Indian Housing Project in Sri Lanka','D352','Approved','QXB',7916732.00,'2012-07-12','2019-12-30','Regional Office for Asia and the Pacific',7591424.00,9439390.00,494886.00),('2078','BUILDING BACK SAFER EARLY RECOVERY PILOT PROJECT FOR SIHARA','D350','Approved','QXB',60000.00,'2012-07-31','2016-05-30','Regional Office for Asia and the Pacific',59666.00,60000.00,3866.00),('2079','Global Alliance for the Prosperity of Cities','I010','Approved','IDF',50000.00,'2012-10-31','2016-05-30','Research and Capacity Development',50008.00,NULL,NULL),('2080','Operations of The UN-Habitat Fukuoka Office For Asia And The Pacific Region, Phase IV','D349','Approved','FOD',3450000.00,'2012-06-30','2022-06-29','Regional Office for Asia and the Pacific',3421884.00,3070000.00,309123.00),('2081','Promoting Integrated and Sustainable Urban Development through Networks ) Humble Bundle_Mojang AB Funding','J090','Approved','FSE',1859404.00,'2011-12-31','2018-12-30','Urban Planning and Design',5617065.00,5661478.00,454182.00),('2082','SAFER AND FRIENDLY CITIES FALL ALL IN GREATER BEIRUT','C332','Approved','QXB',90000.00,'2012-08-31','2016-05-30','Urban Legislation, Land and Governance',97904.00,125000.00,NULL),('2083','UN Advisory Committee of Local Authorities - UNACLA Project 2012 - 2015','J091','Approved','FSE',625158.00,'2011-12-31','2016-03-30','External Relations',875871.00,960126.00,61137.00),('2084','Top 20 Performance Conference, Babat, Morocco','C331','Approved','QXB',317409.00,'2012-07-31','2016-05-30','Research and Capacity Development',312209.00,317409.00,NULL),('2085','Strengthening the Capacity of Local Administration For Service Delivery In Support of Decentralization Efforts In Liberia','C330','Approved','QXB',100000.00,'2012-07-31','2016-05-30','Regional Office for Africa',82488.00,NULL,9490.00),('2087','Core Evaluation Activities of the 2012-2013 Work Programme','T072','Approved','FOD',186047.00,'2011-12-31','2013-12-30','Executive Office',211636.00,211542.00,NULL),('2089','Corporate Resource Mobilization Process and Events','T075','Approved','FNE',320999.00,'2012-07-31','2014-12-30','Programme Division',317953.00,157645.00,NULL),('2090','DEVELOPING GUIDELINES ON SCHOOL SAFETY AND RESILIENT SCHOOL BUILDING CODES, MOZAMBIQUE (CROSS REF: C218; WORLD BANK FUNDING','C328','Approved','QXB',185735.00,'2012-07-31','2016-08-30','Regional Office for Africa',214060.00,285499.00,19308.00),('2093','Governance Review','T076','Approved','FNE',193029.00,'2011-12-31','2014-12-30','Executive Office',138725.00,95833.00,NULL),('2096','Organizational Review','T077','Approved','FNE',90000.00,'2011-12-31','2014-12-30','Programme Division',193029.00,95833.00,NULL),('2098','Governance Review','T055_C','Approved','FNE',140538.00,'2011-12-31','2014-12-30','Executive Office',NULL,NULL,NULL),('2103','Global Water Operators Partnerships Alliance Secretariat in Barcelona (GWOPA)','W066','Approved','FSP',7078510.00,'2012-12-31','2018-12-30','Urban Basic Services',7445922.00,6769120.00,655060.00),('2108','Immediate WASH assistance addressing the lifesaving needs of 6,500 most vulnerable flood affected families in three districts of Sindh and Balochistan Provinces of Pakistan','D361','Approved','RRF',575000.00,'2012-10-15','2016-05-30','Regional Office for Asia and the Pacific',522291.00,575000.00,34169.00),('2113','Pakistan Floods 2012 - Shelter Response in Balochistan','P-12-12-07-11','Approved','RRF',564890.00,'2012-12-06','2013-06-05','Regional Office for Asia and the Pacific',NULL,NULL,NULL),('2122','Integration of long-term IDPs into the host community in Bossaso- additional 150 housing units supplementary funding by CHF','C340','Approved','QXB',448552.00,'2012-11-30','2016-05-30','Regional Office for Africa',448553.00,448552.00,29345.00),('2123','Support to Benadir Regional Administration\'s Central Department of Urban Planning','C335','Approved','QXB',209720.00,'2012-12-31','2016-05-30','Regional Office for Africa',203599.00,209720.00,13714.00),('2125','Pakistan Monsoon Humanitarian Flood Response 2012','D364','Approved','QXB',800000.00,'2012-12-14','2016-05-30','Regional Office for Asia and the Pacific',799993.00,800000.00,52336.00),('2126','National Solidarity Programme NSPIII Sub-Phase A (Rollout of remaining coummunities in Farah and Nangarhar)','D351','Approved','QXB',1545600.00,'2012-06-30','2017-03-30','Regional Office for Asia and the Pacific',1544336.00,1545600.00,101031.00),('2127','Hargeisa Urban Water Supply Upgrading Project (HUWSUP)','C338','Approved','QXB',19500000.00,'2012-12-31','2016-12-30','Regional Office for Africa',13826330.00,22321000.00,567027.00),('2128','Bossaso Port and Roads Infrastructure Upgrading Puntland State of Somalia','C334','Approved','QXB',2943458.00,'2012-06-30','2017-12-30','Regional Office for Africa',2564593.00,2606160.00,134223.00),('2129','Iraq Public Sector Modernisation Programme (IPSM) Phase II','N054','Approved','QXB',3143946.00,'2012-12-31','2018-12-30','Regional Office for Arab States',2606373.00,3829263.00,195337.00),('2130','Post-Disaster Support Mission','P-13-01-08-25','Pending Approval','IDF',18000.00,'2013-01-13','2013-03-30','Regional Office for Asia and the Pacific',NULL,NULL,NULL),('2131','Humanitarian shelter response to address immediate life-saving shelter needs for vulnerable and extremely vulnerable flood affected people in the province of Balochistan','D362','Approved','QXB',564890.00,'2012-10-15','2016-05-30','Regional Office for Asia and the Pacific',548806.00,564890.00,35903.00),('2135','Establishment of UN-Habitat Bangladesh Country Programme','I011','Approved','QXB',66809.00,'2012-10-31','2016-05-30','Regional Office for Asia and the Pacific',57150.00,NULL,NULL),('2138','Partnerships for Safer Myanmar Initiative','D360','Approved','QXB',476619.00,'2012-05-31','2014-03-30','Regional Office for Asia and the Pacific',464404.00,451102.00,30617.00),('2140','Mainstreaming and Adoption of Tools for Assesment of School and Hospitality Safety for Multi-Hazards in South Asia','D357','Approved','QXB',100000.00,'2012-10-31','2013-03-30','Regional Office for Asia and the Pacific',99555.00,100000.00,6097.00),('2141','Joint WFP- UN Habitat Initiative on Phillipine Cities and Climate Change Adaptation','D358','Approved','QXB',809800.00,'2012-09-02','2013-11-29','Regional Office for Asia and the Pacific',376300.00,376965.00,23996.00),('2143','Land Administration and Management Program (LAMP) for Myanmar','D359','Approved','QXB',2329736.00,'2012-10-31','2016-02-28','Regional Office for Asia and the Pacific',2099281.00,2322139.00,118626.00),('2150','ROAS Sample','P-13-01-16-31','Pending Approval','IDF',150.00,'2013-01-31','2014-01-30',NULL,NULL,NULL,NULL),('2151','Pacific Cities and Climate Change Regional Programme','D365','Approved','QXB',55000.00,'2012-09-30','2012-12-30','Regional Office for Asia and the Pacific',55000.00,54975.00,NULL),('2152','Green growth led development strategy and solutions','D366','Approved','QXB',253000.00,'2012-12-31','2016-05-30','Regional Office for Asia and the Pacific',252666.00,253000.00,22666.00),('2154','Support to the Sustainable Urban Development Sector in Kenya, 2012-2014','C339','Approved','FSE',2329076.00,'2012-12-31','2018-12-30','Regional Office for Africa',3799843.00,3700255.00,250771.00),('2155','Appui au retour et  la rintgration durables des rapatris et retourns par la prvention et la mdiation des conflits fonciers','C342','Approved','QXB',296354.00,'2012-12-31','2016-05-30','Regional Office for Africa',292953.00,296354.00,19388.00),('2156','Strengthening Urban Observatory and Statistical Systems for Urban Evident-based Development and Planning Policies in Vietnam','D363','Approved','QXB',300000.00,'2012-12-11','2017-12-30','Regional Office for Asia and the Pacific',288001.00,203365.00,17683.00),('2157','Training and Capacity Development in Support to the Land Policy Initiative in Africa','G071','Approved','FOD',652611.00,'2012-03-14','2016-10-30','Urban Legislation, Land and Governance',356049.00,498870.00,12040.00),('2160','Strengthening Urban Planning Capacity in Lusaka, Zambia','C343','Approved','QXB',100000.00,'2012-12-31','2016-05-30','Regional Office for Africa',122969.00,577791.00,14150.00),('2162','Improving living conditons in returnee areas of Sri Lanka through housing','D372','Approved','QXB',15324675.00,'2012-12-31','2016-03-30','Regional Office for Asia and the Pacific',15540871.00,15409557.00,1017098.00),('2164','Urban Poverty Reduction in Mexico 2011-2013 SEDESOL','P-13-02-13-75','Pending Approval','FPP',450600.00,'2011-08-31','2013-08-27','Regional & Technical Cooperation Division',NULL,NULL,NULL),('2165','Mainstreaming and Adoption of tools for the Assessment of school and hospital safety for Multi-Hazard in South Asia','P-13-02-14-19','Approved','QXB',120000.00,'2012-10-31','2012-12-30',NULL,NULL,NULL,NULL),('2166','Cities Prosperity Initiative (2013-2015) - Corregidora Municipality','H152_A','Approved','FOD',50000.00,'2013-04-21','2015-12-30','Research and Capacity Development',7501.00,75000.00,1818.00),('2167','Joint WFP - UN-Habitat initiative on Philippine cities and climate change adapatation','P-13-02-18-86','Pending Approval','QXB',376965.00,'2012-09-02','2013-09-01','Regional Office for Asia and the Pacific',NULL,NULL,NULL),('2168','Empowerment of Vulnerable Urban Youth for Socio-Economic Inclusion and Development in Arua Municipality','P-13-02-19-38','Approved','FOD',74396.00,'2011-02-28','2012-12-30',NULL,NULL,NULL,NULL),('2170','Achieving Sustainable Urban Development in Mozambique - Phase I and II','A118_I','Approved','FSP',1903750.00,'2012-10-04','2015-12-30','Regional Office for Africa',1626757.00,683350.00,194524.00),('2178','Project Development and Resource Mobilization towards the establishment of project to reform Urban Planning Systems in Lebanon','I012','Approved','QXB',100000.00,'2012-11-30','2016-05-30','Regional Office for Arab States',83883.00,NULL,NULL),('2179','Emergency Response Syrian Crisis','I013','Approved','QXB',167500.00,'2012-12-23','2016-05-30','Risk Reduction and Rehabilitation',358416.00,NULL,NULL),('2180','Peace Building in Darfur Through Resource Management and Livelihoods','C341','Approved','QXB',1293417.00,'2013-01-14','2017-08-30','Regional Office for Arab States',1288672.00,793982.00,76356.00),('2181','Post Disaster Support Mission','I014','Approved','QXB',18000.00,'2013-01-13','2013-03-30','Risk Reduction and Rehabilitation',12073.00,NULL,NULL),('2182','Supporting the Formulation of Sustainable Urban Development Programme Proposals in Africa','I015','Approved','QXB',94000.00,'2012-02-03','2016-05-30','Regional Office for Africa',87833.00,-1756.00,NULL),('2183','Developpement et Planification Territoriale','C348','Approved','TAS',498097.00,'2012-12-31','2016-10-30','Regional Office for Africa',1310656.00,NULL,84742.00),('2184','Achieving Sustainable Urban Development Priorities (OED-4608)','A118_P','Approved','FSP',1423267.00,'2012-12-31','2015-06-29','Executive Office',NULL,NULL,NULL),('2185','REGIONAL MULTI-SECTORAL DRR ASSISTANCE PROGRAMME FOR SOUTHERN AFRICA (UN-Habitat Basc Infrastructure , Shelter and Urban Risk Assistance)','C345','Approved','QXB',769238.00,'2012-12-31','2015-12-30','Regional Office for Africa',769044.00,769238.00,55037.00),('2186','Sustainable Urban Reintergration of Displaced Populations in Blue Nile State','C333','Approved','QXB',1854809.00,'2012-08-31','2016-10-30','Regional Office for Arab States',1852536.00,1854810.00,121676.00),('2189','Support to transformations of the Housing Sector in Cuba','F113','Approved','QXB',756376.00,'2012-05-31','2017-12-30','Regional Office for Latin America and Caribbean',1275934.00,1142357.00,82896.00),('2191','Programme de securisation fonciere integree pour la reintegration et la relance communautaire a l\'est de la RDC.','C352','Approved','QXB',467290.00,'2013-01-09','2016-10-30','Regional Office for Africa',448935.00,NULL,29370.00),('2192','Core Evaluation activities of UN-Habitat MTSIP and Work Programme 2012-2013','T074','Approved','FNE',230000.00,'2011-12-31','2014-12-30','Executive Office',230433.00,113083.00,NULL),('2193','Popular Economy of the Agglomeration Areas in Bogota','F114','Approved','FSP',1452000.00,'2013-02-03','2017-06-01','Regional Office for Latin America and Caribbean',1616746.00,1208000.00,118878.00),('2194','Strengthening Staff Capacity / Excellence in Management','T078','Approved','FNE',90000.00,'2012-05-31','2013-12-30','Management and Operations',113898.00,177770.00,NULL),('2195','Implementation of Project Accrual and Accountability System (PAAS)','T079','Approved','FNE',479419.00,'2013-01-23','2014-12-30','Management and Operations',494928.00,232736.00,NULL),('2197','Formulating the National Policy for the System of Cities and institutional strengthening for the Association of Colombian Capital Cities.','F118','Approved','QXB',401060.00,'2013-03-31','2017-12-30','Regional Office for Latin America and Caribbean',1109334.00,1194503.00,74766.00),('2198','Water Management - Developing Irrigation Associations for On-Farm Water Management Project (OFWMP)','D370','Approved','QXB',378000.00,'2012-03-24','2014-06-29','Regional Office for Asia and the Pacific',378001.00,378000.00,24729.00),('2206','Urban Development','P-13-03-25-88','Pending Approval','FPP',100000.00,'2013-03-31','2014-01-30',NULL,NULL,NULL,NULL),('2210','Urban Planning and Territorial Management in Metropolitan Regions  Inputs for the Elaboration of the Brazilian Policy on Metropolitan Governance','P-13-03-25-27','Pending Approval','FPP',328106.00,'2013-03-31','2014-04-29',NULL,NULL,NULL,NULL),('2213','Urban Planning and Territorial Management in Metropolitan Regions  Inputs for the Elaboration of the Brazilian Policy on Metropolitan Governance','F127','Approved','QXB',276469.00,'2013-12-12','2017-08-30','Regional Office for Latin America and Caribbean',104900.00,192937.00,5109.00),('2215','Urban Development','P-13-03-26-95','Pending Approval','FPP',100000.00,'2013-03-31','2013-08-30',NULL,NULL,NULL,NULL),('2217','Support to LDC to attend the 24th Session of the Governing Council of UN-Habitat','A124','Approved','FNE',100000.00,'2013-03-25','2013-05-30','Executive Office',49447.00,NULL,NULL),('2219','Support to LDC Countries to attend the 24th Session of the Governing Council of UN-Habitat (1996 - Governing Council Secretariat)','A124_A','Approved','FNE',25000.00,'2013-03-25','2013-05-30','Executive Office',5940.00,NULL,NULL),('2220','Support to LDC Countries to attend the 24th Session of the Governing Council of UN-Habitat ( 4632 - Regional Office for Africa)','A124_B','Approved','FNE',27000.00,'2013-03-25','2013-05-30','Executive Office',16900.00,NULL,NULL),('2221','Support to LDC Countries to attend the 24th Session of the Governing Council of UN-Habitat (Regional Office for Asia & the Pacific)','A124_C','Approved','FNE',4000.00,'2013-03-25','2013-05-30','Executive Office',3927.00,NULL,NULL),('2222','Support to LDC Countries to attend the 24th Session of the Governing Council of UN-Habitat ( 4642 - Regional Office for Latin America & the Caribbean)','A124_D','Approved','FNE',4000.00,'2013-03-25','2013-05-30','Executive Office',3965.00,NULL,NULL),('2223','Support to LDC Countries to attend the 24th Session of the Governing Council of UN-Habitat ( 4652 - Urban Economy)','A124_E','Approved','FNE',20000.00,'2013-03-25','2013-05-30','Executive Office',17626.00,NULL,NULL),('2224','Support to LDC Countries to attend the 24th Session of the Governing Council of UN-Habitat ( 4608 - Office of the Executive Director)','A124_F','Approved','FNE',20000.00,'2013-03-25','2013-05-30','Executive Office',1089.00,NULL,NULL),('2226','Housing and Livelihood Support for Returnees in South Sudan','C351','Approved','QXB',3200000.00,'2013-03-31','2016-10-30','Regional Office for Africa',3198506.00,3197998.00,209421.00),('2227','Cost Centre - Management','V011','Approved','HFU',92342.00,'2011-12-31','2013-12-30','Management and Operations',249036.00,NULL,NULL),('2228','Cost Centre - Urban Basic Services','V017','Approved','HFU',65384.00,'2011-12-31','2013-12-30','Urban Basic Services',207396.00,NULL,NULL),('2229','Cost Centre - Urban Planning & Design','V015','Approved','HFU',96414.00,'2011-12-31','2018-12-30','Urban Planning and Design',120529.00,24309890.00,NULL),('2230','Cost Centre - Advocacy, Communications & Outreach','V005','Approved','HFU',194012.00,'2011-12-31','2018-12-30','External Relations',374318.00,24309890.00,NULL),('2231','Cost Centre - Project Office','V012','Approved','HFU',57141.00,'2011-12-31','2018-12-30','Programme Division',122582.00,24309890.00,NULL),('2232','Cost Centre - Housing & Slum Upgrading','V018','Approved','HFU',52406.00,'2011-12-31','2018-12-30','Housing and Slum Upgrading',102817.00,24309890.00,NULL),('2233','Cost Centre - Urban Land, Legislation & Governance','V014','Approved','HFU',44720.00,'2011-12-31','2018-12-30','Urban Legislation, Land and Governance',67463.00,24309890.00,NULL),('2234','Cost Centre - Research & Capacity Building','V020','Approved','HFU',58789.00,'2011-12-31','2018-12-30','Research and Capacity Development',138972.00,24309890.00,NULL),('2235','Cost Centre - Urban Economy Branch','V016','Approved','HFU',71337.00,'2011-12-31','2018-12-30','Urban Economy',78578.00,24309890.00,NULL),('2236','Cost Centre - Risk Reduction & Rehabilitation','V019','Approved','HFU',74972.00,'2011-12-31','2018-12-30','Risk Reduction and Rehabilitation',113260.00,24309890.00,NULL),('2237','Cost Centre - Office of the Executive Director','V001','Approved','HFU',294296.00,'2011-12-31','2018-12-30','Executive Office',627465.00,24309890.00,NULL),('2238','Cost Centre - Cross Cutting Issues','V006','Approved','HFU',6700.00,'2011-12-31','2018-12-30','Programme Division',5940.00,24309890.00,NULL),('2240','2287-ROA-193-6B: 6th Tranche AU, Building Statistical Capacity to monitor the Millenium Development Goal Slum target in the context o f Natural Disasters and Housing Crises in Africa, Asia and Latin America and the Caribean','2287','Approved','ROA',440000.00,'2011-12-31','2014-06-29','Research and Capacity Development',432652.00,NULL,NULL),('2241','Durable Shelter Solutions for IDPs and Returnees in Baghdad','P-13-04-02-24','Pending Approval','QXB',1500000.00,'2013-04-29','2014-03-30',NULL,NULL,NULL,NULL),('2242','2942-ROA-2518A: Project AU, Capacity development to increase Asian and Pacific Cities\' Resilience to Climate Change','9168','Approved','ROA',382000.00,'2012-12-31','2013-12-30','Research and Capacity Development',218087.00,NULL,NULL),('2243','2916-ROA-225-8: (8th tranche) Project U, Strengthening capacity of policy makers in South East Asia for Promoting Policies and Developing Plans for Waste Water treatment and reuse in Urban and Peri-urban Areas','9169','Approved','ROA',348000.00,'2012-12-31','2013-12-30','Urban Basic Services',171303.00,NULL,NULL),('2244','Cost Center - Partners','V021','Approved','HFU',1000.00,'2011-12-31','2018-12-30','Executive Office',-423.00,24309890.00,NULL),('2245','Cost Centre - General Operating Expense/ Centrally Managed Expenditure','V022','Approved','TOH',19426.00,'2011-12-31','2018-12-30','Centrally Managed (V Projects)',7961676.00,24309890.00,NULL),('2247','Kabul Solidarity Programme','D356','Approved','QXB',5164992.00,'2012-08-31','2013-12-29','Regional Office for Asia and the Pacific',5160652.00,5160650.00,337613.00),('2249','XBRWAB2001: Achieving Sustainable Urban Development in Rwanda: NATIONAL URBANISA','C337','Approved','QXB',1186500.00,'2012-09-30','2017-04-29','Regional Office for Africa',1181996.00,NULL,134831.00),('2250','Safer Cities free of violence against Women and Girls - Greater Cairo Region, Egypt','C314','Approved','QXB',90000.00,'2012-05-31','2016-05-30','Programme Division',65982.00,90000.00,NULL),('2251','Disaster Risk Reduction for Safer and Resilient Burmese Coastal Communities (DRR-SBCC)','D371','Approved','QXB',636650.00,'2012-09-30','2015-04-29','Regional Office for Asia and the Pacific',557049.00,592132.00,64088.00),('2256','Enhancing collaboration with WHO and support to fund-raising activities of UNHABITAT','I005','Approved','QXB',102775.00,'2012-07-31','2013-07-31','Urban Basic Services',-506.00,NULL,NULL),('2257','Public Spaces and the Right to the City - Greater Cairo Region, Egypt','C347','Approved','QXB',105000.00,'2013-01-31','2016-03-30','Regional Office for Arab States',99970.00,100022.00,9088.00),('2258','Because I Am a Girl: Urban Programme - Greater Cairo Region, Egypt','C346','Approved','QXB',23750.00,'2012-06-30','2016-05-30','Regional Office for Arab States',21376.00,23710.00,1943.00),('2283','Supporting Implementation of NPUDEC in Cape Verde','P-13-04-17-98','Pending Approval','IDF',50000.00,'2013-05-22','2014-05-21',NULL,NULL,NULL,NULL),('2290','new idfnew idfnew idf','P-13-04-17-49','Pending Approval','-',NULL,'2013-04-16','2013-04-26',NULL,NULL,NULL,NULL),('2293','Social Cohesion and Peace Building Programme - Peshawar Torkham Expressway Pakistan','D367','Approved','QXB',1027738.00,'2012-11-30','2016-10-30','Regional Office for Asia and the Pacific',1026630.00,1018000.00,67163.00),('2294','Strengthening Partnerships for a New African Urban Agenda','I017','Approved','IDF',3000000.00,'2012-12-31','2017-12-30','External Relations',395420.00,1876885.00,27307.00),('2295','Project for Rehabilitation of Community Infrastructure and Facilities in the Conflict Affected Areas in Northern Provinces in Sri Lanka','D377','Approved','QXB',4003598.00,'2013-03-31','2015-06-29','Regional Office for Asia and the Pacific',3627522.00,3629712.00,237713.00),('2297','Community-Based Municipal Support Programme (CBMSP)','D376','Approved','QXB',23009409.00,'2013-03-31','2015-03-30','Regional Office for Asia and the Pacific',23009856.00,23138114.00,1503867.00),('2308','UN-Habitat Technical Support to the Ethiopian Resilient and Green Cities Development and Governance package','P-13-05-13-83','Pending Approval','IDF',100000.00,'2013-03-31','2013-08-30','Regional Office for Africa',NULL,NULL,NULL),('2311','Desarrollo Urbano Sostenible para Nios Nias y Adolescentes','F122','Approved','QXB',147967.00,'2013-05-31','2016-08-30','Regional Office for Latin America and Caribbean',141620.00,147967.00,9253.00),('2312','Achieving Sustainable Urban Development Priorities (ASUD) - Egypt','C364','Approved','FSP',1130000.00,'2013-09-30','2017-12-30','Regional Office for Arab States',1117116.00,1092.00,123233.00),('2313','City Resilience Profiling Programme','J095','Approved','FOD',1539060.00,'2012-05-29','2021-12-28','Risk Reduction and Rehabilitation',1213211.00,1243068.00,128263.00),('2316','Project development and resource mobilization for the formulation of the Saudi Arabia Future Cities Programme','I018','Approved','IDF',100000.00,'2013-05-21','2016-05-30','Programme Division',-998.00,NULL,NULL),('2317','Liberian Urban Development Programme - Core Support for Programme Formulation','I016','Approved','QXB',100000.00,'2013-01-19','2013-05-19','Regional Office for Africa',32363.00,NULL,NULL),('2318','Xi\'an Chanba Ecology Zone Sustainable Development Project','D381','Approved','QXB',56134.00,'2013-04-30','2014-11-29','Regional Office for Asia and the Pacific',55844.00,56135.00,5077.00),('2321','Integrated Territorial Development','P-13-05-23-39','Pending Approval','IDF',85000.00,'2013-05-31','2013-12-30','Programme Division',NULL,NULL,NULL),('2322','Shelter Recovery Coordination Support in Samoa','D380','Approved','QXB',218815.00,'2013-02-20','2013-08-19','Regional Office for Asia and the Pacific',123274.00,192320.00,6444.00),('2323','Durable Shelter Solutions for IDPs/ Returnees Phase 2','C381','Pending Approval','QXB',1500000.00,'2013-03-31','2014-03-30','Regional Office for Arab States',NULL,NULL,NULL),('2325','SHELTER PROVISION, REINTEGRATION AND IMPROVED LIVELIHOODS FOR RETURNEES AND IDPS IN 3 TOWNS IN SOMALILAND','C350','Approved','QXB',3200000.00,'2013-06-02','2017-06-29','Regional Office for Africa',3587383.00,3200585.00,207052.00),('2326','Mainstreaming Knowledge Management in the Achieving Sustainable Urban Development (ASUD) Programme','A128','Approved','FSP',149600.00,'2013-05-31','2016-05-30','Programme Division',24215.00,NULL,2786.00),('2327','Papua New Guinea (PNG) Settlement Upgrading Programme','D378','Approved','FCL',350000.00,'2013-05-30','2015-06-29','Regional Office for Asia and the Pacific',319832.00,319797.00,NULL),('2329','METROPOLITAN GOVERNANCE IN THE STATE OF SO PAULO  FACILITATING THE FORMULATION AND IMPLEMENTATION OF SO PAULO MACRO METROPOLIS ACTION PLAN AND ITS PORTFOLIO PROJECTS','F125','Approved','QXB',197571.00,'2013-10-03','2017-11-30','Regional Office for Latin America and Caribbean',177690.00,158335.00,8282.00),('2330','National Solidarity Programme (Repeater Block Grants - 2nd Round)','D379','Approved','QXB',8101394.00,'2012-02-29','2013-02-27','Regional Office for Asia and the Pacific',8004937.00,8101792.00,523687.00),('2331','Development of Knowledge Management Systems','A125','Approved','FSE',45873.00,'2012-12-31','2016-09-29','Management and Operations',61287.00,61562.00,4009.00),('2334','The Africa Urban Agenda','A126','Approved','FOD',3500000.00,'2013-05-31','2016-12-30','External Relations',1158303.00,1111621.00,86269.00),('2336','Cross-cutting Issues: Mainstreaming and Strengthening Youth and Democracy at the Local level to create Safer Cities','T069','Approved','FNE',148000.00,'2012-11-19','2014-11-18','Urban Legislation, Land and Governance',99606.00,38477.00,NULL),('2337','The Programme for Development and Rehabilitation of Community in Ethnic Minority Area in the Republic of the Union of Myanmar','D382','Approved','QXB',6853528.00,'2013-05-21','2014-08-29','Risk Reduction and Rehabilitation',6771344.00,6853528.00,440328.00),('2338','Continuation of Shelter infrastructure development and Integration of Long Term IDPs into the Host Community in Bosaaso','C349','Approved','QXB',2000000.00,'2013-04-29','2016-10-30',NULL,2162328.00,2000758.00,130285.00),('2339','Strengthening the Capacities of ICGLR Member States in the Great Lakes Region to Address the Land and Property Issues of IDPs and Refugees','9170','Approved','ROA',452000.00,'2013-06-30','2015-12-30',NULL,180884.00,NULL,NULL),('2340','Lifesaving WASH Services to IDPs in Tirah Valley, Pakistan','D383','Approved','QXB',100000.00,'2013-05-31','2016-05-30',NULL,99522.00,100000.00,6487.00),('2342','Technical Assistance for African Water Operators through Water Operators Partnerships','W081','Approved','FOD',1000000.00,'2013-10-31','2016-10-30',NULL,948065.00,1000000.00,120920.00),('2344','UNHABITAT Technical Support to the Ethiopian Resilient and Green Cities Development and Governance package','P-13-06-24-52','Pending Approval','QXB',100000.00,'2013-05-31','2014-08-29','Regional Office for Africa',NULL,NULL,NULL),('2345','Green Homes - Promoting Sustainable Housing in Nepal','D374','Approved','QXB',1121034.00,'2012-12-31','2016-03-30',NULL,836740.00,846775.00,56912.00),('2346','State of Colombian Cities Report','F119','Approved','QXB',972705.00,'2013-06-30','2017-11-17',NULL,834391.00,718711.00,48808.00),('2348','A Partnership for Urban Planning in Africa - UN-Habitat & Booyoung','J096','Approved','FOD',2600000.00,'2013-05-31','2022-10-30',NULL,1435501.00,2278603.00,163190.00),('2349','Support the Establishment of a Technical Centre for Disaster Risk Reduction and Climate Change Adaptation for Southern Africa (DIMSUR)','C353','Approved','QXB',810000.00,'2013-06-30','2018-05-30',NULL,792826.00,810000.00,65502.00),('2350','Sharing Opportunities for Low carbon Urban transportation (SOLUTIONS)','W071','Approved','FOD',130171.00,'2013-07-14','2017-09-24',NULL,156034.00,144424.00,10178.00),('2351','Urban Planning and Management Land in the Metropolitan Area of Aburra Valley','F124','Approved','QXB',437638.00,'2013-09-01','2016-10-30',NULL,557101.00,551747.00,36446.00),('2352','Wastewater Management and Water Quality Sub-Consultation of the Post-2015 Water Thematic Consultation','W067','Approved','FWS',58957.00,'2013-01-31','2016-05-30',NULL,58474.00,58957.00,3825.00),('2354','Catalytic Support on Land Issues','D375','Approved','QXB',481500.00,'2013-02-28','2015-12-14',NULL,446747.00,481500.00,29844.00),('2356','Planning Support to Palestinian Communities in Area C, West Bank, occupied Palestinian territory','P015','Approved','FPP',647602.00,'2012-11-30','2016-09-29',NULL,632904.00,699369.00,16132.00),('2362','REGIONAL MULTI-SECTORAL DRR ASSISTANCE PROGRAMME FOR SOUTHERN AFRICA (UN-Habitat Basc Infrastructure , Shelter and Urban Risk Assistance)','C360','Pending Approval','QXB',99600.00,'2013-07-14','2016-08-30',NULL,80546.00,99600.00,5269.00),('2363','Achieving Sustainable Urban Development Prioirities ( Information Services Section - 2004)','P-13-07-23-21','Pending Approval','FSP',447368.00,'2012-12-31','2013-02-28',NULL,NULL,NULL,NULL),('2364','CITIES PROSPERTY INITIATAIVE','P-13-07-23-16','Pending Approval','FOD',1200000.00,'2013-03-31','2015-12-30','Research and Capacity Development',NULL,NULL,NULL),('2365','Cities Prosperity Initiative (2013-2015) - Metropilitan Zone of Guadalajara','H153','Pending Approval','FOD',1200000.00,'2013-04-24','2016-12-30',NULL,1142384.00,1200000.00,135661.00),('2366','CITIES PROSPERTY INITIATAIVE','P-13-07-23-92','Pending Approval','FOD',1500000.00,'2013-03-31','2013-12-30','Research and Capacity Development',NULL,NULL,NULL),('2367','Cities Prosperity Initiative (2013-2015) - Municipality of Zapopan','H154','Pending Approval','FOD',800000.00,'2013-03-31','2017-12-30',NULL,274065.00,274835.00,31612.00),('2369','Joint Programme on Local Governance and Decentralised Service Delivery, UN-JPLG (Phase II)-DFID','C354','Pending Approval','QXB',3930047.00,'2012-12-31','2019-12-30',NULL,3890346.00,2702841.00,228787.00),('2370','CAPACITY BUILDING IN THE CITY OF SANTA MARTA FOR SUSTAINABLE URBAN DEVELOPMENT','F115','Pending Approval','QXB',1051327.00,'2013-02-03','2017-06-29',NULL,1032537.00,713620.00,35006.00),('2371','Seventh session of the World Urban Forum, 5 - 11 April 2014','P-13-07-29-38','Pending Approval','ROA',50000.00,'2012-12-31','2014-12-30',NULL,NULL,NULL,NULL),('2372','Joint Programme on Local Governance and Decentralised Service Delivery, UN-JPLG (Phase II) _SIDA','C355','Pending Approval','QXB',3994698.00,'2012-12-31','2018-12-30','Regional Office for Africa',4732760.00,2683734.00,283823.00),('2373','Joint Programme on Local Governance and Decentralised Service Delivery, UN-JPLG (Phase II) _EC','C361','Pending Approval','QXB',1620468.00,'2012-12-31','2016-12-30','Regional Office for Africa',1598426.00,798656.00,104581.00),('2374','Joint Programme on Local Governance and Decentralised Service Delivery, UN-JPLG (Phase II)-DANIDA','C362','Pending Approval','QXB',956940.00,'2012-12-31','2017-12-30','Regional Office for Africa',947133.00,720752.00,48831.00),('2375','Low Cost Community Based Sludge Management services in Mogadishu IDP Camps','C336','Pending Approval','FWS',140662.00,'2013-05-29','2013-12-30','Regional Office for Africa',140662.00,140662.00,9202.00),('2377','PILaR GLOBAL PILOT: Piloting an Inclusive and Participatory Land Readjustment in Colombia for Sustainable Urban Development at Scale','F116','Pending Approval','FSP',565000.00,'2012-11-30','2017-11-09','Urban Legislation, Land and Governance',672274.00,98469.00,81359.00),('2379','PILaR GLOBAL PILOT: Piloting an Inclusive and Participatory Land Readjustment in Colombia for Sustainable Urban Development at Scale','F120','Pending Approval','QXB',1000000.00,'2012-11-30','2017-04-29','Urban Legislation, Land and Governance',991430.00,1004269.00,63740.00),('2382','Boosting Effectiveness in Water Operators\' Partnerships (BEWOP)','W083','Pending Approval','FOD',1276222.00,'2013-07-31','2019-07-14','Executive Office',854315.00,467558.00,80698.00),('2384','Coordination of Small Island Developing States Responses to Cities and other Human Settlements coping with Climate Change and Sustainable Land Use','F121','Pending Approval','QXB',371280.00,'2013-08-29','2016-03-30','Regional Office for Latin America and Caribbean',42097.00,391280.00,3050.00),('2386','Seventh session of the World Urban Forum (WUF7)','P-13-08-13-42','Pending Approval','FOD',4000000.00,'2012-05-31','2015-04-29',NULL,NULL,NULL,NULL),('2387','Appui au retour et a la reintegration durables des rapatries et retournes par la prevention et resolution des conflits fonciers','P-13-08-13-46','Pending Approval','QXB',580000.00,'2013-07-31','2014-12-30',NULL,NULL,NULL,NULL),('2388','Appui au retour et a la reintegration durables des rapatries et retournes par la prevention et resolution des conflits fonciers','C356','Pending Approval','QXB',580000.00,'2013-07-31','2016-09-14','Regional Office for Africa',579264.00,580000.00,37896.00),('2389','Urban Youth Empowerment and Ecological Safety Project','H155','Pending Approval','FOD',2000000.00,'2013-08-13','2018-06-29','Urban Economy',1280233.00,999850.00,94832.00),('2390','Mainstream','P-13-08-14-95','Pending Approval','QXB',425000.00,'2013-03-31','2015-03-29',NULL,NULL,NULL,NULL),('2392','Socio-Economic and Urban Renewal Programme for Ondo State of Nigeria','H156','Pending Approval','FOD',2000000.00,'2013-06-30','2016-12-30','Urban Economy',559841.00,600000.00,40714.00),('2393','ICT and Urban Governance: Future Policy Modeling (FUPOL)','P-13-08-16-34','Pending Approval','QXB',120000.00,'2013-05-14','2015-12-30','Urban Legislation, Land and Governance',NULL,NULL,NULL),('2394','Enhancing the Role of Union of Municipalities to Respond to Refugees\' and Host Communities\' Needs','C363','Pending Approval','QXB',3559822.00,'2013-08-31','2016-07-31','Regional Office for Arab States',3322201.00,3559822.00,221247.00),('2395','Development of PAAS Project Manual','P-13-08-19-11','Pending Approval','FNE',10000.00,'2013-08-18','2013-08-22',NULL,NULL,NULL,NULL),('2397','Seventh Session of the World Urban Forum (WUF 7)','A127','Approved','FOD',4000000.00,'2013-03-31','2016-04-29','External Relations',2499877.00,2000000.00,NULL),('2400','Improving Urban Water Service Delivery in Somaliland targeting Burao, Erigavo, Tag Wajaale and Boroma towns','C368','Approved','QXB',306128.00,'2013-04-30','2017-12-30','Regional Office for Africa',302577.00,306119.00,17343.00),('2401','Urban Improvement and Transformation of Kabul City Phase 2 (Kabul Solidarity Programme Phase 2 KSP)','D385','Approved','QXB',5394054.00,'2013-06-30','2014-11-29','Regional Office for Asia and the Pacific',5394055.00,5394054.00,256860.00),('2403','Shelter Cluster Regional Focal Point for the Americas','K094','Approved','QXB',56233.00,'2013-08-31','2014-12-30','Risk Reduction and Rehabilitation',156039.00,37996.00,8832.00),('2404','CITIES PROSPERITY INITIATIVE (Corregidora Municipality)','P-13-08-28-40','Pending Approval','FOD',50000.00,'2013-07-31','2014-07-30','Research and Capacity Development',NULL,NULL,NULL),('2405','Quick Impact Project: Urban Piped Water Project: QIPs-2 for 6 towns (UNMISS)','W068','Pending Approval','FWS',594000.00,'2013-07-31','2016-08-30','Urban Basic Services',593201.00,593201.00,38808.00),('2406','Prevention et resolution des conflits fonciers dans les zones de deplacement et de retour en territoire de Masisi (axes Sake-Mweso et sake-Nyabiondo), Province du Nord Kivu, RD Congo','P-13-08-30-34','Pending Approval','TIP',618164.00,'2013-08-31','2015-08-30',NULL,NULL,NULL,NULL),('2407','Prevention et resolution des conflits fonciers dans les zones de deplacement et de retour en territoire de Masisi (axes Sake-Mweso et sake-Nyabiondo), Province du Nord Kivu, RD Congo','C357','Pending Approval','QXB',618164.00,'2013-08-31','2016-12-30','Regional Office for Africa',616839.00,617918.00,40354.00),('2408','MEKWATSAN - Rural Livelihoods improvement Programme (RLIP) project in Attapeu, LAO PDR','W070','Pending Approval','FWS',240000.00,'2013-08-31','2016-05-30','Urban Basic Services',236405.00,238546.00,15466.00),('2411','Cities Prosperity Initiative (2013-2015) (Umbrella)','H152','Pending Approval','FOD',2000000.00,'2013-03-31','2016-05-30','Research and Capacity Development',39986.00,75000.00,4600.00),('2412','Programme de securisation fonciere integree pour la reintegration et la relance communautaire a l\'est de la RDC.','P-13-09-03-65','Pending Approval','QXB',643997.00,'2013-08-31','2015-08-30',NULL,NULL,NULL,NULL),('2413','Programme de securisation fonciere integree pour la reintegration et la relance communautaire a l\'est de la RDC.','C358','Pending Approval','QXB',643997.00,'2013-08-31','2016-12-30','Regional Office for Africa',644551.00,643997.00,42167.00),('2414','Shelter and WASH Support for non-camp Refugees - Iraq','N055','Pending Approval','QXB',1108357.00,'2013-09-21','2016-05-30','Regional Office for Arab States',1054799.00,1108357.00,50134.00),('2415','RRRF','P-13-09-05-74','Pending Approval','QXB',47000.00,'2013-09-30','2013-10-30',NULL,NULL,NULL,NULL),('2418','Spatial Planning Support to Palestinian Communities in Area C, West Bank, occupied Palestinian territory','P016','Pending Approval','FPP',1003518.00,'2013-08-01','2016-10-30','Regional Office for Arab States',1223322.00,1107365.00,84656.00),('2421','Participatory review of Egyptian planning and related urban development legislation to support sustainable urban development- Egypt','C365','Pending Approval','QXB',325985.00,'2013-03-31','2016-12-30','Regional Office for Arab States',296314.00,308458.00,26938.00),('2423','Intergrated Humanitatian Shelter Assistance to IDPs in Tirah Valley, Pakistan','D384','Pending Approval','QXB',399999.00,'2013-05-14','2016-05-30','Regional Office for Asia and the Pacific',391469.00,399999.00,25610.00),('2424','Addressing the Land Information Requirements of the Urban Poor - Phase 2: Scaling Up the Capacity Development Initiatives in the Use and Application of the Social Tenure Domain Model (STDM)','G072','Pending Approval','FCL',225000.00,'2013-03-23','2016-05-30','Urban Legislation, Land and Governance',225000.00,225000.00,20455.00),('2425','Strengthening capacity of policymakers in South-East Asit to promote policies and developing plans for improved wastewater treatment and reuse in urban and peri-urban areas','P-13-09-16-89','Pending Approval','ROA',348000.00,'2012-12-31','2015-12-30',NULL,NULL,NULL,NULL),('2427','Lake Tanganyika Water sanitation Environmental Programme - Gatumba Water and sanitation Project','P-13-09-17-96','Pending Approval','FNO',50000.00,'2013-10-14','2014-12-30','Urban Basic Services',NULL,NULL,NULL),('2428','Urban Youth Empowerment and Opportunity Creation Project','H160','Pending Approval','FOD',130000.00,'2013-12-31','2016-05-30','Urban Economy',129975.00,130000.00,NULL),('2429','Repair of the Yongquan and MUMA Primary Schools, Sichuan Province, China','D386','Pending Approval','QXB',98687.00,'2013-08-31','2014-06-29','Regional Office for Asia and the Pacific',98620.00,95303.00,6881.00),('2431','Global Shelter and Settlements Project Review','K093','Pending Approval','FOD',75000.00,'2012-08-31','2013-09-29','Risk Reduction and Rehabilitation',64276.00,68879.00,4508.00),('2432','Support and Assistance of the enhancement of the Majors Office of Medellin in the Municipal Development Plan of Construyamos unidos un hogar para la vida\' (Let\'s Build a Home for Life.)','F117','Pending Approval','FSP',339000.00,'2013-09-19','2016-12-30','Regional Office for Latin America and Caribbean',337929.00,NULL,46479.00),('2433','Human Security through Inclusive Socio-economic Development in Upper Egypt','C359','Pending Approval','QXB',649330.00,'2013-05-31','2017-11-29','Regional Office for Arab States',628794.00,649330.00,33755.00),('2434','Mainstreaming energy and resource efficiency measures into building codes, building policies and building practices in Senegal, Nigeria and Cameroon (Umbrella)','W069','Pending Approval','FOD',405000.00,'2013-09-30','2017-12-30','Urban Basic Services',309607.00,384986.00,28146.00),('2437','Support and Assistance of the enhancement of the Majors Office of Medellin in the Municipal Development Plan of Construyamos unidos un hogar para la vida\' (Let\'s Build a Home for Life.)','F123','Pending Approval','QXB',600000.00,'2013-09-19','2016-12-30','Regional Office for Latin America and Caribbean',161705.00,1099965.00,35815.00),('2439','Achieving Sustainable Urban Development in the Philippines','D373','Pending Approval','FSP',1506964.00,'2012-12-31','2016-06-29','Regional Office for Asia and the Pacific',1739930.00,683350.00,190749.00),('2440','Emergency shelter and coordination support in Syrian cities for the most vulnerable IDPs\'','C366','Pending Approval','QXB',831578.00,'2013-09-30','2014-06-29','Regional Office for Arab States',974525.00,1036964.00,63754.00),('2441','Cities Prosperity Initiative (2013-2015) - Municipal of Cajeme','H157','Pending Approval','FOD',50000.00,'2014-04-21','2016-12-30','Research and Capacity Development',39977.00,25000.00,4585.00),('2445','From Camps Transformation to Urban Revitalization (CATUR project) - Port-au-Prince, Haiti','F128','Pending Approval','QXB',1500141.00,'2014-05-14','2017-12-30','Regional Office for Latin America and Caribbean',897073.00,1150908.00,73771.00),('2446','Urban Renovation and Human Settlements within railroad areas in El Salvador: Phase I','F126','Pending Approval','QXB',336340.00,'2013-10-31','2016-05-30','Regional Office for Latin America and Caribbean',336279.00,336340.00,22000.00),('2447','Rehabilitation and Reconstruction Response Facility Phase VII','D368','Pending Approval','FJP',47300.00,'2013-03-31','2014-03-30','Regional Office for Asia and the Pacific',47299.00,47300.00,5442.00),('2451','PakistanTraining','P-13-09-30-79','Pending Approval','QXB',100000.00,'2013-09-29','2014-07-30',NULL,NULL,NULL,NULL),('2452','China Sustainable City','P-13-09-30-45','Pending Approval','QXT',32111.00,'2013-08-29','2013-10-03',NULL,NULL,NULL,NULL),('2453','urban mobility','P-13-09-30-81','Pending Approval','QXB',25000.00,'2013-09-18','2014-05-09',NULL,NULL,NULL,NULL),('2454','urban mobility','P-13-09-30-74','Pending Approval','QXB',120000.00,'2013-09-18','2014-09-25',NULL,NULL,NULL,NULL),('2456','sustainable development','P-13-09-30-90','Pending Approval','FPP',10000.00,'2013-08-28','2013-10-30',NULL,NULL,NULL,NULL),('2460','Government of Norway funded Junior Professional Officer - Helene Opsal','P-13-10-02-54','Pending Approval','FJO',277265.00,'2013-05-31','2015-12-30',NULL,NULL,NULL,NULL),('2461','Government of Norway funded Junior Professional Officer - Helene Opsal','B123','Pending Approval','FJO',277265.00,'2013-05-31','2017-08-17','Management and Operations',331527.00,417513.00,35521.00),('2462','Facilitating Private Sector Investment in Durable Solutions in Iraq','N056','Pending Approval','QXB',150000.00,'2013-10-06','2016-05-30','Regional Office for Arab States',147962.00,150000.00,8375.00),('2463','Integrated Humanitarian Shelter Assistance to IDPs and Returnees in Kurram Agency, Pakistan (Phase II)','D388','Pending Approval','QXB',270000.00,'2013-09-30','2014-06-29','Regional Office for Asia and the Pacific',269482.00,270000.00,17630.00),('2465','Lifesaving WASH Services to IDPs and Returnees in Tirah Valley, Pakistan (Phase II)','D387','Pending Approval','QXB',450001.00,'2013-09-10','2016-05-30','Regional Office for Asia and the Pacific',438217.00,450001.00,28668.00),('2466','Programme de securisation fonciere integree pour la reintegration et la relance communautaire a l\'est de la RDC','P-13-10-10-26','Pending Approval','QXB',467290.00,'2013-01-09','2014-12-30',NULL,NULL,NULL,NULL),('2468','Housing the Poor in African Cities - Quick Guides for Policy Makers (Marketing & Dissemination)','P-13-10-22-3','Pending Approval','FOD',146500.00,'2012-10-31','2013-12-30',NULL,NULL,NULL,NULL),('2469','Housing the Poor in African Cities - Quick Guides for Policy Makers (Marketing & Dissemination)','P-13-10-22-57','Pending Approval','FOD',126500.00,'2012-10-31','2013-12-30',NULL,NULL,NULL,NULL),('2470','Support to the establishment of a land disputes prevention and resolution system in Liberia - Phase 2','C369','Pending Approval','QXB',2000000.00,'2013-09-30','2016-12-30','Regional Office for Africa',1924305.00,2000000.00,117057.00),('2471','Local Integration of IDP Families in Herat, Afghanistan','D396','Pending Approval','FUS',149591.00,'2013-09-29','2014-06-29','Regional Office for Asia and the Pacific',114898.00,149591.00,7517.00),('2472','CANAAN URBAN DEVELOPMENT INITIATIVE - IN THE NORTHERN EXPANSION ZONE OF PORT AU PRINCE','P-13-10-28-24','Pending Approval','QXB',3155376.00,'2013-11-30','2014-11-30',NULL,NULL,NULL,NULL),('2474','Dissemination of the Quick Guides for Housing the Poor in Africa','L014','Pending Approval','FCL',125800.00,'2012-12-31','2016-05-30','Research and Capacity Development',121085.00,125800.00,NULL),('2477','Scaling up and Deepening of Planning Suppo0rt to Palestinian Communties in East Jerusalem','P018','Pending Approval','FPP',1722843.00,'2012-12-31','2016-12-30','Regional Office for Arab States',1635833.00,813646.00,70018.00),('2483','Global Land Tool Network (GLTN) Phase 2 (2012-2017) - NL / IFAD Contribution','G073','Pending Approval','FOD',20137500.00,'2011-12-31','2018-12-30','Urban Legislation, Land and Governance',20784209.00,21010610.00,878884.00),('2484','Project ID 00087568, Improving Living Conditions in Palestinian Gatherings Host Communities','C370','Pending Approval','TIP',1304028.00,'2013-10-10','2016-05-30','Regional Office for Arab States',1292526.00,241500.00,84553.00),('2488','Community Engagement Support to Public-Private Partnership in New Ger Area Redevelopment in Ulaanbaatar City','D394','Pending Approval','QXB',175000.00,'2013-11-30','2015-06-29','Regional Office for Asia and the Pacific',171756.00,173086.00,12659.00),('2498','Land Natural Resources Tenure Security Learning Initiative for East and Southern Africa - Phase 2 - IFAD Contribution to GLTN Phase 2 Programme','G074','Pending Approval','FOD',1425000.00,'2013-10-29','2018-06-29','Urban Legislation, Land and Governance',1456355.00,1645000.00,102406.00),('2500','Myanmar Climate Change Alliance (MCCA)','D391','Pending Approval','QXB',5165562.00,'2013-12-18','2019-03-30','Regional Office for Asia and the Pacific',4200105.00,6081431.00,173883.00),('2501','SHELTER NEEDS ASSESSMENT AND SHELTER OPTIONS FOR IDPs','C371','Pending Approval','QXB',67443.00,'2013-11-26','2016-05-30','Regional Office for Arab States',48398.00,67443.00,3166.00),('2502','Enhancing the Role of Union of Municipalities to Respond to Refugees\' and Host Communities\' Needs: WASH Infrastructure Projects','C378','Pending Approval','QXB',1461326.00,'2013-08-31','2016-05-30','Regional Office for Arab States',1691676.00,1461326.00,110670.00),('2504','Rehabilitation of Dar Al Consul into Residential and Civic Complex','P017','Pending Approval','FPP',3886000.00,'2013-12-31','2017-12-30','Regional Office for Arab States',2858700.00,3598055.00,132263.00),('2506','Guidelines for Participatory Urban Development in Ulaanbaatar City','D393','Pending Approval','QXB',35000.00,'2013-12-15','2014-12-30','Regional Office for Asia and the Pacific',34457.00,36749.00,4078.00),('2508','Post 2015 Sustainable Transport (P-2015 ST)','W072','Pending Approval','FGB',64516.00,'2013-10-20','2014-06-22','Urban Basic Services',62384.00,64516.00,7177.00),('2509','IPSAS implementation in UN-Habitat','P-13-11-21-20','Pending Approval','FUS',700000.00,'2012-12-31','2013-12-30',NULL,NULL,NULL,NULL),('2510','IPSAS Implementation - US Funded','A129','Pending Approval','FNE',700000.00,'2012-12-31','2014-06-29','Management and Operations',748399.00,700000.00,NULL),('2511','Joint Programme on Local Governance and Decentralised Service Delivery, UN-JPLG (Phase II) _SDC funding','C367','Pending Approval','QXB',1410608.00,'2012-12-31','2018-12-30','Regional Office for Africa',1649824.00,862751.00,91536.00),('2512','RRRF','P-13-11-25-22','Pending Approval','QXB',40000.00,'2013-11-29','2013-12-27',NULL,NULL,NULL,NULL),('2513','UNAIDS-UN-Habitat joint publication on HIV in Cities -','H158','Pending Approval','FOH',54000.00,'2013-09-14','2016-08-30','Research and Capacity Development',46254.00,54000.00,6994.00),('2514','Post 2015 Sustainable Transport (P-2015 ST)','P-13-11-26-77','Pending Approval','FGB',64161.00,'2013-10-20','2014-06-22','Urban Basic Services',NULL,NULL,NULL),('2516','Improving access to water and sanitation to support polio eradication in Gadap Town, Karachi','D390','Pending Approval','QXB',294361.00,'2013-11-30','2016-07-30','Regional Office for Asia and the Pacific',294361.00,290107.00,19257.00),('2517','Support to Palestinians at Risk of Displacement in Israeli Controlled Area C of the West Bank','P019','Pending Approval','FPP',1805084.00,'2014-01-31','2017-06-29','Regional Office for Arab States',1869435.00,1735855.00,124593.00),('2521','Support to the Liberian Land Commission Phase II','C372','Pending Approval','QXB',2321349.00,'2013-12-31','2016-10-30','Regional Office for Africa',2179307.00,2193947.00,159524.00),('2524','Support to the Sustainable Urban Development Sector in Kenya, 2012-2014 (OER 4624)','C339_A','Pending Approval','FSE',716187.00,'2012-12-31','2015-12-30','External Relations',452818.00,590931.00,45783.00),('2525','Support to the Sustainable Urban Development Sector in Kenya, 2012-2014 (ROA 4632)','C339_B','Pending Approval','QXB',2077768.00,'2012-12-31','2015-12-30','Regional Office for Africa',889730.00,675350.00,92156.00),('2526','Support to the Sustainable Urban Development Sector in Kenya, 2012-2014 (UPDB 4650)','C339_C','Pending Approval','FSE',524800.00,'2012-12-31','2015-12-30','Regional Office for Africa',888151.00,1021073.00,73025.00),('2527','Mainstreaming Multi-sectoral Urban Planning Framework and Governance in Vietnam through Policy Dialogues-Phase II','D392','Pending Approval','QXB',450000.00,'2013-12-30','2017-12-19','Regional Office for Asia and the Pacific',381743.00,384200.00,24974.00),('2529','Enhancement of Technical Cooperation towards Environmentally Sustainable Development in Asia and the Pacific Phase V (2013-2016)','D369','Pending Approval','QXB',349440.00,'2013-03-31','2020-03-30','Regional Office for Asia and the Pacific',232950.00,337012.00,26799.00),('2530','Disaster Resilient City Development Strategies for four Cities in the Northern and Eastern Provinces of Sri Lanka','P-13-12-19-47','Pending Approval','QXT',1100000.00,'2012-12-31','2013-12-31',NULL,NULL,NULL,NULL),('2531','Supporting the implementation of the Urban Burkina Faso Country Programme','C374','Pending Approval','QXB',977500.00,'2013-12-31','2017-12-30','Regional Office for Africa',1343253.00,1373034.00,74675.00),('2532','Supporting the Implementation of the National Programme for Urban Development and Economic Empowerment Cities - Cape Verde','C373','Pending Approval','QXB',200000.00,'2013-10-31','2016-12-30','Regional Office for Africa',64486.00,63541.00,7419.00),('2534','Rapid Planning - Sustainable Infrastructure, Environmental and Resource Management for Highly Dynamic Metropolises','J099','Pending Approval','FGR',3237387.00,'2014-03-31','2019-06-29','Urban Planning and Design',1568066.00,486694.00,99783.00),('2536','Water for Life Campaign Project for Asia and the Pacific Region (Phase I)','D389','Pending Approval','QXB',215000.00,'2013-10-31','2019-11-29','Regional Office for Asia and the Pacific',156912.00,215000.00,4186.00),('2537','Integrative neighbourhood development in refugee hosting area, Faisal, Cairo','C375','Pending Approval','QXB',54118.00,'2014-01-21','2014-12-30','Regional Office for Arab States',54123.00,54118.00,3541.00),('2538','Emergency Flood Response in Khartoum for Vulnerable Communities','C379','Pending Approval','QXB',1600000.00,'2014-03-31','2016-10-30','Regional Office for Arab States',1578229.00,1600000.00,103244.00),('2541','Future Saudi Cities Programme','C376','Pending Approval','QXB',25000000.00,'2013-12-31','2019-12-15','Regional Office for Arab States',22512593.00,25066667.00,1552907.00),('2545','Recovery Planning Support for Local Government Units (LGUs) in the Philippines in the Wake of Typhoon Yolanda (Haiyan) - Phase 1','D403','Pending Approval','QXB',250113.00,'2014-01-31','2014-09-29','Regional Office for Asia and the Pacific',199978.00,250113.00,13083.00),('2546','Extension of Water and Environmental Sanitation Improvement in Karachi','W074','Pending Approval','FWS',89045.00,'2013-12-31','2016-05-30','Urban Basic Services',87014.00,86901.00,5692.00),('2547','Build My School Better','W073','Pending Approval','FWS',160955.00,'2013-12-31','2016-05-30','Urban Basic Services',111951.00,111431.00,7324.00),('2548','Support My School Campaign in South Asian Countries & Sanitation and Waste Water Management System for Bhutan','W075','Pending Approval','FWS',500000.00,'2013-12-31','2017-04-29','Urban Basic Services',495625.00,484705.00,31775.00),('2550','Projet d\'Apui a la Resilience Urbaine/Goz Beida PARURBA/GB','C388','Pending Approval','TIP',2115000.00,'2014-01-31','2016-12-30','Regional Office for Africa',268200.00,NULL,17546.00),('2552','Water supply, composting and disaster proofing for selected villages in 5 districts in 3 southern provinces of Salavanh, Sekong and Attapeu','W077','Pending Approval','FWS',1480000.00,'2013-12-31','2018-12-30','Urban Basic Services',924788.00,999995.00,41528.00),('2553','Water, Sanitation and Hygiene in Disaster Prone Communities in Northern Ghana','W079','Pending Approval','FWS',8760102.00,'2014-05-31','2018-12-30','Urban Basic Services',7184034.00,4775466.00,249971.00),('2554','Kipunguni B Water Supply and Sanitation Project','P-14-02-24-12','Pending Approval','FWS',93800.00,'2012-11-04','2013-02-04','Urban Basic Services',NULL,NULL,NULL),('2557','Preliminary studies for Phase I Metropolitan Bicycle Master Plan','W076','Pending Approval','FOD',89001.00,'2013-09-30','2016-05-30','Urban Basic Services',84381.00,82202.00,9707.00),('2558','Rehabilitation of Community Infrastructure, Imrpovement of Livelihoods and Empwerment of Women in the Northern and Eastern Provinces of Sri Lanka','D400','Pending Approval','QXB',3638294.00,'2014-03-31','2016-09-29','Regional Office for Asia and the Pacific',3587452.00,3638187.00,234743.00),('2559','Shelter and Infrastructure Support for Non-Camp Refugees','N057','Pending Approval','QXB',2500155.00,'2014-01-31','2014-12-30','Regional Office for Arab States',2291392.00,2449292.00,109114.00),('2560','Safer Cities Programme in Suleimaniyah, Kurdistan Region','N060','Pending Approval','QXB',329537.00,'2014-09-08','2016-07-30','Regional Office for Arab States',154073.00,154336.00,10080.00),('2561','Strengthening Urban and Regional Planning in KRG - Iraq','N061','Pending Approval','QXB',944000.00,'2014-09-08','2016-06-29','Regional Office for Arab States',585743.00,654113.00,38318.00),('2562','Rehabilitation and Reconstruction Response Facility Phase VIII','D395','Pending Approval','FJP',47300.00,'2013-12-31','2014-12-30','Regional Office for Asia and the Pacific',47054.00,47300.00,5413.00),('2565','Cities Prosperity Initiative (2013-2015) - CORPORATACION ANDINA DE FOMENTO - VENEZUELA','H159','Pending Approval','FOD',75000.00,'2013-03-31','2016-12-30','Research and Capacity Development',238726.00,240000.00,27425.00),('2570','Post-Yolanda Support for Safer Homes and Settlements. A shelter and community recovery programme for better lives in the Visayas, Republic of the Philippines','D397','Pending Approval','FPP',2500000.00,'2014-03-31','2015-06-29','Regional Office for Asia and the Pacific',2465621.00,2500000.00,161091.00),('2571','Shelter Provision, Reintegration and Improved Livelihoods for Returnees and IDPs in 4 Towns in Somaliland','C380','Pending Approval','QXB',2300000.00,'2014-03-31','2016-12-30','Regional Office for Africa',2452734.00,2300000.00,143438.00),('2573','Humanitarian WASH Response for Returning Households after Displacement in FATA, Pakistan (CERF III)','D407','Pending Approval','QXB',299999.00,'2014-03-31','2016-09-29','Regional Office for Asia and the Pacific',260575.00,299999.00,17047.00),('2578','Enhancing the Role of Union of Municipalities to Respond to Refugees\' and Host Communities\' Needs in South Lebanon','C383','Pending Approval','QXB',308481.00,'2013-12-31','2016-10-30','Regional Office for Arab States',751572.00,438773.00,49168.00),('2579','Enhancing the Role of Union of Municipalities to Respond to Refugees\' and Host Communities\' Needs in Beirut/Mt Lebanon','C382','Pending Approval','QXB',348178.00,'2013-12-31','2016-10-30','Regional Office for Arab States',381444.00,300000.00,24954.00),('2580','Rapid Shelter Recovery Assistance to Communities Most Severely Hit by Floods Caused by Cyclones Wutip and Nari in Cambodia','D401','Pending Approval','QXB',324785.00,'2014-02-28','2014-12-30','Regional Office for Asia and the Pacific',324142.00,322331.00,21206.00),('2583','Vulnerablitity Assesment for delivering Policy Advice on Repeated Disasters in Baluchistan, Pakistan','D405','Pending Approval','QXB',50553.00,'2014-04-14','2016-07-30','Regional Office for Asia and the Pacific',50553.00,53818.00,3307.00),('2584','Establishment of the First Integrated Resource Recovery Center in Pakistan','D404','Pending Approval','QXB',268598.00,'2014-03-31','2016-05-30','Regional Office for Asia and the Pacific',259049.00,259236.00,16712.00),('2585','Trust Fund for Integrated Urban Basic Services for Human Settlements','TF005','Pending Approval','FNE',1287337.00,'2017-05-22','2018-07-30','Urban Basic Services',NULL,NULL,NULL),('2588','Immediate Shelter Assistance addressing the lifesaving needs of most vulnerable Returnees in area of return FATA, Pakistan (CERF III)','D402','Pending Approval','QXB',922290.00,'2014-03-29','2014-12-28','Regional Office for Asia and the Pacific',922289.00,985488.00,60337.00),('2589','Building Flood Risk Reduction Capacity in Lusaka City, Zambia','C386','Approved','TIP',365000.00,'2013-12-31','2016-12-30','Regional Office for Africa',356565.00,190749.00,16939.00),('2593','Joint Programme on Local Governance and Decentralised Service Delivery, UN-JPLG (Phase II) _NORWAY','C385','Approved','QXB',987285.00,'2012-12-31','2017-12-30','Regional Office for Africa',1256781.00,930461.00,82550.00),('2595','Evaluation of BASF Stiftung-UN-Habitat programme contribution towards sustainable development','W078','Approved','FWS',115000.00,'2014-05-11','2016-10-30','Urban Basic Services',109834.00,-5156.00,7638.00),('2596','Core Evaluation Activities for the 2014-2015 Workplan','T080','Approved','FNE',258646.00,'2013-12-31','2016-12-30','Executive Office',186728.00,120247.00,NULL),('2600','SUD-Net (Networking and Public Space Projects)','P-14-05-05-69','Pending Approval','FOD',530201.00,'2011-12-31','2014-12-30','External Relations',NULL,NULL,NULL),('2601','SUD-Net (Networking and Public Space Projects)','J090_B','Approved','FOD',530201.00,'2011-12-31','2014-12-30','External Relations',672380.00,2350324.00,93524.00),('2602','Mainstreaming biodiversity conservation in tourism sector development in Jordan','N059','Approved','QXB',52000.00,'2014-08-02','2016-05-30','Regional Office for Arab States',46422.00,NULL,2987.00),('2603','Strengthening capacities of Member States in the Asian and Pacific Region to mainstream climate change concerns into national urban-related policies (Development Account Project UN-Habitat with UNESCAP and UNEP)','9171','Approved','ROA',730000.00,'2014-05-31','2018-06-29','Regional Office for Asia and the Pacific',45709.00,24309890.00,NULL),('2604','Eco-civilization Indicator System for China','D414','Approved','QXB',50000.00,'2014-04-30','2015-12-30','Regional Office for Asia and the Pacific',43615.00,45000.00,3965.00),('2605','Support to Profiling Urban Risk and Resilience','D399','Approved','QXB',20000.00,'2013-12-31','2014-04-29','Regional Office for Asia and the Pacific',20009.00,20000.00,1309.00),('2607','Strengthening Resiliency and Safety in Urban Informal Settlements in 3 Metro Manila Cities and their partner Local Government Units in the Visayas  Joint Project with UNICEF','D406','Approved','QXB',335000.00,'2014-04-30','2015-02-27','Regional Office for Asia and the Pacific',328463.00,NULL,21530.00),('2609','Transformation of Urban Management in Myanmar - Capacity Building for Urban Management','D410','Approved','QXB',931172.00,'2014-09-30','2017-08-30','Regional Office for Asia and the Pacific',911401.00,926796.00,46659.00),('2610','Projet Dveloppement Urbaine et Amlioration de l\'Habitat III - DURAH III.','C405','Approved','TIP',408205.00,'2014-05-31','2017-12-30','Regional Office for Africa',286529.00,NULL,18745.00),('2611','Safer Coastal and Urban Communities through Inclusive Disaster Risk Reduction in Myanmar (DIPECHO IX)','D412','Approved','QXB',485731.00,'2014-04-30','2016-03-30','Regional Office for Asia and the Pacific',482525.00,481371.00,31764.00),('2613','State of Afghan Cities Programme','D409','Approved','QXB',329875.00,'2014-06-29','2015-09-29','Regional Office for Asia and the Pacific',330000.00,329875.00,21206.00),('2615','Implementation of Umoja (UN ERP) Project','A140','Approved','FNE',788500.00,'2014-05-31','2015-06-29','Management and Operations',149905.00,NULL,NULL),('2617','Strengthening Partnerships for Habitat III: Focus on the Asia Pacific Region','A130','Approved','FSE',439850.00,'2014-05-31','2017-12-30','External Relations',595925.00,197209.00,39349.00),('2621','Support to Low Carbon Climate Resilient Development for Poverty Reduction in Kenya Joint Programme- Catalysing Low Carbon Transport in Kenya','P-14-06-24-32','Approved','FWS',90059.00,'2014-03-30','2016-12-29','Urban Planning and Design',70380.00,NULL,3230.00),('2631','Sweden Funded JPO- Pontus Westerberg','P-14-07-08-38','Pending Approval','FJO',300877.00,'2012-05-14','2015-05-14',NULL,NULL,NULL,NULL),('2928','Participatory Slum Upgrading Programme in ACP Countries ( Djibouti Funding)','P-15-06-16-85','Pending Approval','QXB',120000.00,'2012-04-22','2015-12-30','Housing and Slum Upgrading',NULL,NULL,NULL),('2973','Enhancing the Role of Union of Municipalities to Respond to Refugees\' and Host Communities\' Needs','P-15-11-18-67','Pending Approval','QXB',3559822.00,'2013-08-31','2014-02-27','Regional Office for Arab States',NULL,NULL,NULL),('2997','Promoting Integrated and Sustainable Urban Development through Networks ) Humble Bundle_Mojang AB Funding','P-16-01-18-4','Pending Approval','FOD',70775.00,'2011-12-31','2018-12-30',NULL,NULL,NULL,NULL),('2998','Test Project with Sequential ID',NULL,'Pending Approval','CFG',10000.00,'2025-05-14','2026-05-14','Test Unit',NULL,NULL,NULL),('2999','Nyahururu Ghetto Upgrade','','Pending Approval','CBK',12000.00,'2025-05-07','2025-07-12','Risk Reduction and Rehabilitation',0.00,0.00,0.00),('3000','Gaza House Reforms (EU)','','Approved','AER',2000000.00,'2025-05-01','2025-07-25','Housing and Slum Upgrading',0.00,0.00,0.00),('3001','i AM HAPPY','','Pending Approval','DAS',50000.00,'2025-05-06','2025-06-14','Executive Office',0.00,0.00,0.00);
/*!40000 ALTER TABLE `projects` ENABLE KEYS */;
UNLOCK TABLES;

--
-- Table structure for table `themes`
--

DROP TABLE IF EXISTS `themes`;
/*!40101 SET @saved_cs_client     = @@character_set_client */;
/*!50503 SET character_set_client = utf8mb4 */;
CREATE TABLE `themes` (
  `ThemeName` varchar(100) NOT NULL,
  PRIMARY KEY (`ThemeName`)
) ENGINE=InnoDB DEFAULT CHARSET=utf8mb4 COLLATE=utf8mb4_0900_ai_ci;
/*!40101 SET character_set_client = @saved_cs_client */;

--
-- Dumping data for table `themes`
--

LOCK TABLES `themes` WRITE;
/*!40000 ALTER TABLE `themes` DISABLE KEYS */;
INSERT INTO `themes` VALUES ('Advocacy'),('Advocacy, Housing and Slum Upgrading, Research and Capacity Development , Risk Reduction and Rehabil'),('Advocacy, Housing and Slum Upgrading, Urban Planning and Design'),('Advocacy, Research and Capacity Development'),('Advocacy, Urban Basic Services, Urban Planning and Design'),('Cross Cutting'),('Cross Cutting, Housing and Slum Upgrading, Knowledge Management, Urban Economy, Urban Planning and D'),('Cross Cutting, Housing and Slum Upgrading, Risk Reduction and Rehabilitation'),('Cross Cutting, Housing and Slum Upgrading, Urban Basic Services, Urban Economy'),('Cross Cutting, Housing and Slum Upgrading, Urban Land, Legislation & Governance'),('Cross Cutting, Housing and Slum Upgrading, Urban Planning and Design'),('Cross Cutting, Knowledge Management, Research and Capacity Development , Urban Planning and Design'),('Cross Cutting, Research and Capacity Development , Urban Land, Legislation & Governance, Urban Plann'),('Cross Cutting, Research and Capacity Development , Urban Planning and Design'),('Evaluation'),('External Relations'),('External Relations, Resource Mobilization, Urban Land, Legislation & Governance, Urban Planning and '),('Housing and Slum Upgrading'),('Housing and Slum Upgrading, Research and Capacity Development'),('Housing and Slum Upgrading, Research and Capacity Development , Urban Basic Services, Urban Planning'),('Housing and Slum Upgrading, Research and Capacity Development , Urban Planning and Design'),('Housing and Slum Upgrading, Risk Reduction and Rehabilitation'),('Housing and Slum Upgrading, Risk Reduction and Rehabilitation, Urban Basic Services'),('Housing and Slum Upgrading, Risk Reduction and Rehabilitation, Urban Land, Legislation & Governance'),('Housing and Slum Upgrading, Risk Reduction and Rehabilitation, Urban Planning and Design'),('Housing and Slum Upgrading, Urban Basic Services'),('Housing and Slum Upgrading, Urban Basic Services, Urban Planning and Design'),('Housing and Slum Upgrading, Urban Economy, Urban Planning and Design'),('Housing and Slum Upgrading, Urban Land, Legislation & Governance'),('Housing and Slum Upgrading, Urban Planning and Design'),('Knowledge Management'),('Management'),('Management old'),('Research and Capacity Development'),('Research and Capacity Development , Risk Reduction and Rehabilitation, Urban Basic Services'),('Research and Capacity Development , Risk Reduction and Rehabilitation, Urban Economy'),('Research and Capacity Development , Risk Reduction and Rehabilitation, Urban Land, Legislation & Gov'),('Research and Capacity Development , Urban Basic Services, Urban Economy, Urban Planning and Design'),('Research and Capacity Development , Urban Basic Services, Urban Planning and Design'),('Research and Capacity Development , Urban Economy, Urban Land, Legislation & Governance'),('Research and Capacity Development , Urban Land, Legislation & Governance'),('Research and Capacity Development , Urban Planning and Design'),('Resource Mobilization'),('Risk Reduction and Rehabilitation'),('Risk Reduction and Rehabilitation, Urban Basic Services'),('Risk Reduction and Rehabilitation, Urban Basic Services, Urban Economy'),('Risk Reduction and Rehabilitation, Urban Economy'),('Risk Reduction and Rehabilitation, Urban Land, Legislation & Governance'),('Risk Reduction and Rehabilitation, Urban Planning and Design'),('Urban Basic Services'),('Urban Basic Services, Urban Economy, Urban Land, Legislation & Governance, Urban Planning and Design'),('Urban Basic Services, Urban Economy, Urban Planning and Design'),('Urban Basic Services, Urban Land, Legislation & Governance'),('Urban Basic Services, Urban Planning and Design'),('Urban Economy'),('Urban Economy, Urban Land, Legislation & Governance, Urban Planning and Design'),('Urban Economy, Urban Planning and Design'),('Urban Land, Legislation & Governance'),('Urban Land, Legislation & Governance, Urban Planning and Design'),('Urban Planning and Design');
/*!40000 ALTER TABLE `themes` ENABLE KEYS */;
UNLOCK TABLES;
/*!40103 SET TIME_ZONE=@OLD_TIME_ZONE */;

/*!40101 SET SQL_MODE=@OLD_SQL_MODE */;
/*!40014 SET FOREIGN_KEY_CHECKS=@OLD_FOREIGN_KEY_CHECKS */;
/*!40014 SET UNIQUE_CHECKS=@OLD_UNIQUE_CHECKS */;
/*!40101 SET CHARACTER_SET_CLIENT=@OLD_CHARACTER_SET_CLIENT */;
/*!40101 SET CHARACTER_SET_RESULTS=@OLD_CHARACTER_SET_RESULTS */;
/*!40101 SET COLLATION_CONNECTION=@OLD_COLLATION_CONNECTION */;
/*!40111 SET SQL_NOTES=@OLD_SQL_NOTES */;

-- Dump completed on 2025-05-15  7:57:37
